,organism.type,organism,structure.type,structure,organism_name.type,organism_name,structure_inchikey.type,structure_inchikey,structure_smiles.type,structure_smiles,structureLabel.xml:lang,structureLabel.type,structureLabel,refDOI.type,refDOI,ipniID.type,ipniID,structure_cas.type,structure_cas,chembl_id.type,chembl_id
0,uri,http://www.wikidata.org/entity/Q256911,uri,http://www.wikidata.org/entity/Q111241391,literal,Hydnocarpus octandra,literal,VMAAWTYFHUMTRL-UHFFFAOYSA-N,literal,O=CC1(C)CCC2(C)CCC3(C)C4CCC5(C)C(C)C(O)CCC5C4(C)CCC3(C)C2C1,en,literal,"10-Hydroxy-2,4a,6a,6a,8a,9,14a-heptamethyl-1,3,4,5,6,6b,7,8,9,10,11,12,12a,13,14,14b-hexadecahydropicene-2-carbaldehyde",literal,10.1039/P19770000418,literal,111760-1,,,,
1,uri,http://www.wikidata.org/entity/Q256911,uri,http://www.wikidata.org/entity/Q111241391,literal,Hydnocarpus octandra,literal,VMAAWTYFHUMTRL-UHFFFAOYSA-N,literal,O=CC1(C)CCC2(C)CCC3(C)C4CCC5(C)C(C)C(O)CCC5C4(C)CCC3(C)C2C1,en,literal,"10-Hydroxy-2,4a,6a,6a,8a,9,14a-heptamethyl-1,3,4,5,6,6b,7,8,9,10,11,12,12a,13,14,14b-hexadecahydropicene-2-carbaldehyde",literal,10.1016/S0031-9422(00)84667-1,literal,111760-1,,,,
2,uri,http://www.wikidata.org/entity/Q15391741,uri,http://www.wikidata.org/entity/Q105386487,literal,Hydnocarpus pentandrus,literal,ZYWKQKQEAVWKHD-UHFFFAOYSA-N,literal,O=C1C=C(OC=2C=C(O)C=C(O)C12)C=3C=CC=4OC(CO)C(OC4C3)C5=CC=C(O)C(OC)=C5,en,literal,"2-[2,3-Dihydro-3-(4-hydroxy-3-methoxyphenyl)-2-(hydroxymethyl)-1,4-benzodioxin-6-yl]-5,7-dihydroxy-4h-1-benzopyran-4-one",literal,10.1016/S0040-4039(01)86949-5,literal,365635-1,,,,
3,uri,http://www.wikidata.org/entity/Q11144849,uri,http://www.wikidata.org/entity/Q110190172,literal,Hydnocarpus anthelminthicus,literal,GFENFUMHFBPKMO-UHFFFAOYSA-N,literal,O=C1C=C(OC=2C=C(O)C=C(O)C12)C=3C=C(O)C=4OC(C5=CC=C(O)C(OC)=C5)C(C4C3)CO,en,literal,Isohydnocarpin,literal,10.1080/10286020.2010.543131,literal,365610-1,,,,
4,uri,http://www.wikidata.org/entity/Q256911,uri,http://www.wikidata.org/entity/Q111241731,literal,Hydnocarpus octandra,literal,DQQZMZWAURMSRL-UHFFFAOYSA-N,literal,OCC1(C)CCC2(C)CCC3(C)C4CCC5(C)C(C)C(O)CCC5C4(C)CCC3(C)C2C1,en,literal,"d:a-Friedooleanane-3,29-diol, (3alpha,20alpha)-",literal,10.1039/P19770000418,literal,111760-1,,,,
5,uri,http://www.wikidata.org/entity/Q256911,uri,http://www.wikidata.org/entity/Q111241731,literal,Hydnocarpus octandra,literal,DQQZMZWAURMSRL-UHFFFAOYSA-N,literal,OCC1(C)CCC2(C)CCC3(C)C4CCC5(C)C(C)C(O)CCC5C4(C)CCC3(C)C2C1,en,literal,"d:a-Friedooleanane-3,29-diol, (3alpha,20alpha)-",literal,10.1016/S0031-9422(00)84667-1,literal,111760-1,,,,
6,uri,http://www.wikidata.org/entity/Q5693433,uri,http://www.wikidata.org/entity/Q105259021,literal,Hydnocarpus kurzii,literal,SRELFLQJDOTNLJ-OAHLLOKOSA-N,literal,O=C(O)CCCCCCCCCCC1C=CCC1,en,literal,11-[(1S)-cyclopent-2-en-1-yl]undecanoic acid,literal,10.1039/CT9058700884,literal,111753-1,,,,
7,uri,http://www.wikidata.org/entity/Q11144849,uri,http://www.wikidata.org/entity/Q105384848,literal,Hydnocarpus anthelminthicus,literal,ZWEBYMYJDLNXNN-PMACEKPBSA-N,literal,O=C(OCC(O)CO)CCCCCCCCCCCCC1C=CCC1,en,literal,"[(2S)-2,3-dihydroxypropyl] 13-[(1R)-cyclopent-2-en-1-yl]tridecanoate",literal,10.1002/CBDV.201000072,literal,365610-1,,,,
8,uri,http://www.wikidata.org/entity/Q15391741,uri,http://www.wikidata.org/entity/Q416260,literal,Hydnocarpus pentandrus,literal,WCGUUGGRBIKTOS-GPOJBZKASA-N,literal,CC1CCC2(CCC3(C(=CCC4C3(CCC5C4(CCC(C5(C)C)O)C)C)C2C1C)C)C(=O)O,en,literal,ursolic acid,literal,10.1055/S-0028-1097302,literal,365635-1,literal,77-52-1,literal,CHEMBL169
9,uri,http://www.wikidata.org/entity/Q17565346,uri,http://www.wikidata.org/entity/Q111242184,literal,Hydnocarpus alpinus,literal,VOPGBQMJRKFCAW-BYXVQRNISA-N,literal,O=C1C=2C(O)=CC(O)=CC2OC(C3=CC=C(O)C(O)=C3)C1OC4OC(O)C(O)C(O)C4O,en,literal,"(2R,3R)-2-(3,4-dihydroxyphenyl)-5,7-dihydroxy-3-[(2R,3R,4R,5R,6R)-3,4,5,6-tetrahydroxyoxan-2-yl]oxy-2,3-dihydrochromen-4-one",literal,10.1016/J.BIOCHI.2015.02.003,literal,111739-1,,,,
10,uri,http://www.wikidata.org/entity/Q15391741,uri,http://www.wikidata.org/entity/Q72482749,literal,Hydnocarpus pentandrus,literal,NMICSFNNFDNGEL-UHFFFAOYSA-N,literal,O=C1C=C(OC=2C=C(O)C=C(O)C12)C=3C=CC=4OC(C5=CC=C(O)C(OC)=C5)C(OC4C3)CO,en,literal,Hydnocarpin,literal,10.1002/PTR.1491,literal,365635-1,literal,51419-48-8,,
11,uri,http://www.wikidata.org/entity/Q15391741,uri,http://www.wikidata.org/entity/Q72482749,literal,Hydnocarpus pentandrus,literal,NMICSFNNFDNGEL-UHFFFAOYSA-N,literal,O=C1C=C(OC=2C=C(O)C=C(O)C12)C=3C=CC=4OC(C5=CC=C(O)C(OC)=C5)C(OC4C3)CO,en,literal,Hydnocarpin,literal,10.1021/NP50077A010,literal,365635-1,literal,51419-48-8,,
12,uri,http://www.wikidata.org/entity/Q17565338,uri,http://www.wikidata.org/entity/Q110190172,literal,Hydnocarpus castaneus,literal,GFENFUMHFBPKMO-UHFFFAOYSA-N,literal,O=C1C=C(OC=2C=C(O)C=C(O)C12)C=3C=C(O)C=4OC(C5=CC=C(O)C(OC)=C5)C(C4C3)CO,en,literal,Isohydnocarpin,literal,10.1080/10286020.2010.543131,literal,111741-1,,,,
13,uri,http://www.wikidata.org/entity/Q17565338,uri,http://www.wikidata.org/entity/Q105384848,literal,Hydnocarpus castaneus,literal,ZWEBYMYJDLNXNN-PMACEKPBSA-N,literal,O=C(OCC(O)CO)CCCCCCCCCCCCC1C=CCC1,en,literal,"[(2S)-2,3-dihydroxypropyl] 13-[(1R)-cyclopent-2-en-1-yl]tridecanoate",literal,10.1002/CBDV.201000072,literal,111741-1,,,,
14,uri,http://www.wikidata.org/entity/Q15391741,uri,http://www.wikidata.org/entity/Q104398933,literal,Hydnocarpus pentandrus,literal,PHFUCJXOLZAQNH-YTJSKHQGSA-N,literal,O=C(OC1CCC2(C)C3CC=C4C5C(C)C(C)CCC5(C(=O)O)CCC4(C)C3(C)CCC2C1(C)C)C,en,literal,"(4aS,6aR,6aS,6bR,12aR,14bS)-10-acetyloxy-1,2,6a,6b,9,9,12a-heptamethyl-2,3,4,5,6,6a,7,8,8a,10,11,12,13,14b-tetradecahydro-1H-picene-4a-carboxylic acid",literal,10.1055/S-0028-1097302,literal,365635-1,,,,
15,uri,http://www.wikidata.org/entity/Q15391741,uri,http://www.wikidata.org/entity/Q99390646,literal,Hydnocarpus pentandrus,literal,XADKGDBMULSEAC-UHFFFAOYSA-N,literal,O=C(O)CCCCC=CCCCCCCC1C=CCC1,en,literal,13-cyclopent-2-en-1-yltridec-6-enoic acid,literal,10.1021/JA01267A064,literal,365635-1,literal,502-31-8,,
16,uri,http://www.wikidata.org/entity/Q15391741,uri,http://www.wikidata.org/entity/Q99390646,literal,Hydnocarpus pentandrus,literal,XADKGDBMULSEAC-UHFFFAOYSA-N,literal,O=C(O)CCCCC=CCCCCCCC1C=CCC1,en,literal,13-cyclopent-2-en-1-yltridec-6-enoic acid,literal,10.1021/JA01878A025,literal,365635-1,literal,502-31-8,,
17,uri,http://www.wikidata.org/entity/Q7988493,uri,http://www.wikidata.org/entity/Q105250308,literal,Hydnocarpus annamensis,literal,SCOGTMHNCINCBN-UHFFFAOYSA-N,literal,OC1=CC=C(C=C1OC)C2OC3C(O)C(O)C(OC3OC2CO)CO,en,literal,"2-(4-hydroxy-3-methoxyphenyl)-3,6-bis(hydroxymethyl)-3,4a,6,7,8,8a-hexahydro-2H-pyrano[2,3-b][1,4]dioxine-7,8-diol",literal,10.1055/S-2006-946678,literal,365607-1,,,,
18,uri,http://www.wikidata.org/entity/Q5954066,uri,http://www.wikidata.org/entity/Q27131069,literal,Hydnocarpus anthelminticus,literal,XMVQWNRDPAAMJB-QGZVFWFLSA-N,literal,C1CC(C=C1)CCCCCCCCCCCCC(=O)O,en,literal,(S)-chaulmoogric acid,literal,10.1016/S0021-9673(01)92485-9,,,literal,29106-32-9,literal,CHEMBL2204421
19,uri,http://www.wikidata.org/entity/Q7988493,uri,http://www.wikidata.org/entity/Q104908472,literal,Hydnocarpus annamensis,literal,AAZJIDQNEUWCEO-UHFFFAOYSA-N,literal,OC1=C(OC)C=C(C=C1OC)C(O)C(OC2OC(CO)C(O)C(O)C2O)CO,en,literal,"2-[1,3-Dihydroxy-1-(4-hydroxy-3,5-dimethoxyphenyl)propan-2-yl]oxy-6-(hydroxymethyl)oxane-3,4,5-triol",literal,10.1055/S-2006-946678,literal,365607-1,,,,
20,uri,http://www.wikidata.org/entity/Q7988493,uri,http://www.wikidata.org/entity/Q191700,literal,Hydnocarpus annamensis,literal,WPYMKLBDIGXBTP-UHFFFAOYSA-N,literal,C1=CC=C(C=C1)C(=O)O,en,literal,benzoic acid,literal,10.1055/S-2006-946678,literal,365607-1,literal,65-85-0,literal,CHEMBL541
21,uri,http://www.wikidata.org/entity/Q256911,uri,http://www.wikidata.org/entity/Q909638,literal,Hydnocarpus octandra,literal,GNRIZKKCNOBBMO-UHFFFAOYSA-N,literal,CC(=CCC1=C(C=C2C(=C1O)C(=O)C3=C(C(=C(C=C3O2)O)OC)CC=C(C)C)O)C,en,literal,mangostin,literal,10.1016/S0031-9422(00)84667-1,literal,111760-1,literal,6147-11-1,literal,CHEMBL323197
22,uri,http://www.wikidata.org/entity/Q7988493,uri,http://www.wikidata.org/entity/Q82123562,literal,Hydnocarpus annamensis,literal,LTEPZFZSPZASKJ-UHFFFAOYSA-N,literal,C1=CC(=CC=C1C(=O)CCO)O,en,literal,"3,4'-Dihydroxypropiophenone",literal,10.1055/S-2006-946678,literal,365607-1,literal,53170-93-7,,
23,uri,http://www.wikidata.org/entity/Q11144849,uri,http://www.wikidata.org/entity/Q104993568,literal,Hydnocarpus anthelminthicus,literal,FDGHZUQYDACRTA-IBGZPJMESA-N,literal,O=C(OCC)CCCCCCCCCCCCC1C=CCC1,en,literal,ethyl 13-[(1R)-cyclopent-2-en-1-yl]tridecanoate,literal,10.1002/CBDV.201000072,literal,365610-1,,,,
24,uri,http://www.wikidata.org/entity/Q15391741,uri,http://www.wikidata.org/entity/Q384111,literal,Hydnocarpus pentandrus,literal,QGJZLNKBHJESQX-FZFNOLFKSA-N,literal,CC(=C)C1CCC2(C1C3CCC4C5(CCC(C(C5CCC4(C3(CC2)C)C)(C)C)O)C)C(=O)O,en,literal,betulinic acid,literal,10.1055/S-0028-1097302,literal,365635-1,literal,472-15-1,literal,CHEMBL269277
25,uri,http://www.wikidata.org/entity/Q15391741,uri,http://www.wikidata.org/entity/Q384111,literal,Hydnocarpus pentandrus,literal,QGJZLNKBHJESQX-FZFNOLFKSA-N,literal,CC(=C)C1CCC2(C1C3CCC4C5(CCC(C(C5CCC4(C3(CC2)C)C)(C)C)O)C)C(=O)O,en,literal,betulinic acid,literal,10.1021/NP50077A010,literal,365635-1,literal,472-15-1,literal,CHEMBL269277
26,uri,http://www.wikidata.org/entity/Q11144849,uri,http://www.wikidata.org/entity/Q104945812,literal,Hydnocarpus anthelminthicus,literal,BTRMYWIRJSMBSF-UHFFFAOYSA-N,literal,O=C(O)CCCCCCCCCC(=O)C1=CCCC1,en,literal,11-(cyclopent-1-en-1-yl)-11-oxoundecanoic acid,literal,10.1002/CBDV.201000072,literal,365610-1,,,,
27,uri,http://www.wikidata.org/entity/Q15391741,uri,http://www.wikidata.org/entity/Q54366274,literal,Hydnocarpus pentandrus,literal,LKYXRLKMAYFZDK-UHFFFAOYSA-N,literal,C1CC(C=C1)CCCCC(=O)O,en,literal,Aleprestic acid,literal,10.1021/JA01267A064,literal,365635-1,,,,
28,uri,http://www.wikidata.org/entity/Q15391741,uri,http://www.wikidata.org/entity/Q54366274,literal,Hydnocarpus pentandrus,literal,LKYXRLKMAYFZDK-UHFFFAOYSA-N,literal,C1CC(C=C1)CCCCC(=O)O,en,literal,Aleprestic acid,literal,10.1021/JA01878A025,literal,365635-1,,,,
29,uri,http://www.wikidata.org/entity/Q17565338,uri,http://www.wikidata.org/entity/Q104993568,literal,Hydnocarpus castaneus,literal,FDGHZUQYDACRTA-IBGZPJMESA-N,literal,O=C(OCC)CCCCCCCCCCCCC1C=CCC1,en,literal,ethyl 13-[(1R)-cyclopent-2-en-1-yl]tridecanoate,literal,10.1002/CBDV.201000072,literal,111741-1,,,,
30,uri,http://www.wikidata.org/entity/Q17565338,uri,http://www.wikidata.org/entity/Q104945812,literal,Hydnocarpus castaneus,literal,BTRMYWIRJSMBSF-UHFFFAOYSA-N,literal,O=C(O)CCCCCCCCCC(=O)C1=CCCC1,en,literal,11-(cyclopent-1-en-1-yl)-11-oxoundecanoic acid,literal,10.1002/CBDV.201000072,literal,111741-1,,,,
31,uri,http://www.wikidata.org/entity/Q17565338,uri,http://www.wikidata.org/entity/Q27131069,literal,Hydnocarpus castaneus,literal,XMVQWNRDPAAMJB-QGZVFWFLSA-N,literal,C1CC(C=C1)CCCCCCCCCCCCC(=O)O,en,literal,(S)-chaulmoogric acid,literal,10.1002/CBDV.201000072,literal,111741-1,literal,29106-32-9,literal,CHEMBL2204421
32,uri,http://www.wikidata.org/entity/Q17565338,uri,http://www.wikidata.org/entity/Q27131069,literal,Hydnocarpus castaneus,literal,XMVQWNRDPAAMJB-QGZVFWFLSA-N,literal,C1CC(C=C1)CCCCCCCCCCCCC(=O)O,en,literal,(S)-chaulmoogric acid,literal,10.1016/S0021-9673(01)92485-9,literal,111741-1,literal,29106-32-9,literal,CHEMBL2204421
33,uri,http://www.wikidata.org/entity/Q256911,uri,http://www.wikidata.org/entity/Q111241257,literal,Hydnocarpus octandra,literal,FDSRANQONSPDDS-UHFFFAOYSA-N,literal,O=C(O)C1(C)CCC2(C)CCC3(C)C4CCC5(C)C(C)C(O)CCC5C4(C)CCC3(C)C2C1,en,literal,"10-Hydroxy-2,4a,6a,6a,8a,9,14a-heptamethyl-1,3,4,5,6,6b,7,8,9,10,11,12,12a,13,14,14b-hexadecahydropicene-2-carboxylic acid",literal,10.1016/S0031-9422(00)84667-1,literal,111760-1,,,,
34,uri,http://www.wikidata.org/entity/Q7988493,uri,http://www.wikidata.org/entity/Q110197891,literal,Hydnocarpus annamensis,literal,PRNUNFFFZRGWMP-UHFFFAOYSA-N,literal,O=C(OC1C(O)C(OC2=CC=C(O)C=C2CO)OC(CO)C1O)C=3C=CC=CC3,en,literal,"[3,5-Dihydroxy-2-[4-hydroxy-2-(hydroxymethyl)phenoxy]-6-(hydroxymethyl)oxan-4-yl] benzoate",literal,10.1055/S-2006-946678,literal,365607-1,,,,
35,uri,http://www.wikidata.org/entity/Q15391741,uri,http://www.wikidata.org/entity/Q409366,literal,Hydnocarpus pentandrus,literal,MQYXUWHLBZFQQO-QGTGJCAVSA-N,literal,CC(=C)C1CCC2(C1C3CCC4C5(CCC(C(C5CCC4(C3(CC2)C)C)(C)C)O)C)C,en,literal,lupeol,literal,10.1021/NP50077A010,literal,365635-1,literal,545-47-1,literal,CHEMBL289191
36,uri,http://www.wikidata.org/entity/Q11144849,uri,http://www.wikidata.org/entity/Q105220437,literal,Hydnocarpus anthelminthicus,literal,QGMULYBZWIWTIF-UHFFFAOYSA-N,literal,O=C1C=C(OC=2C=C(O)C=C(O)C12)C=3C=CC=4OC(C5=CC=C(O)C=C5)C(OC4C3)CO,en,literal,"5,7-Dihydroxy-2-[3-(hydroxymethyl)-2-(4-hydroxyphenyl)-2,3-dihydro-1,4-benzodioxin-6-yl]chromen-4-one",literal,10.1080/10286020.2010.543131,literal,365610-1,,,,
37,uri,http://www.wikidata.org/entity/Q7988493,uri,http://www.wikidata.org/entity/Q110198696,literal,Hydnocarpus annamensis,literal,OANKJSUXMPAWAT-UHFFFAOYSA-N,literal,OC=1C=C(OC)C=C(C1)CO,en,literal,3-(hydroxymethyl)-5-methoxyphenol,literal,10.1055/S-2006-946678,literal,365607-1,literal,30891-29-3,,
38,uri,http://www.wikidata.org/entity/Q11144849,uri,http://www.wikidata.org/entity/Q27131069,literal,Hydnocarpus anthelminthicus,literal,XMVQWNRDPAAMJB-QGZVFWFLSA-N,literal,C1CC(C=C1)CCCCCCCCCCCCC(=O)O,en,literal,(S)-chaulmoogric acid,literal,10.1002/CBDV.201000072,literal,365610-1,literal,29106-32-9,literal,CHEMBL2204421
39,uri,http://www.wikidata.org/entity/Q11144849,uri,http://www.wikidata.org/entity/Q27131069,literal,Hydnocarpus anthelminthicus,literal,XMVQWNRDPAAMJB-QGZVFWFLSA-N,literal,C1CC(C=C1)CCCCCCCCCCCCC(=O)O,en,literal,(S)-chaulmoogric acid,literal,10.1016/S0021-9673(01)92485-9,literal,365610-1,literal,29106-32-9,literal,CHEMBL2204421
40,uri,http://www.wikidata.org/entity/Q17565338,uri,http://www.wikidata.org/entity/Q105220437,literal,Hydnocarpus castaneus,literal,QGMULYBZWIWTIF-UHFFFAOYSA-N,literal,O=C1C=C(OC=2C=C(O)C=C(O)C12)C=3C=CC=4OC(C5=CC=C(O)C=C5)C(OC4C3)CO,en,literal,"5,7-Dihydroxy-2-[3-(hydroxymethyl)-2-(4-hydroxyphenyl)-2,3-dihydro-1,4-benzodioxin-6-yl]chromen-4-one",literal,10.1080/10286020.2010.543131,literal,111741-1,,,,
41,uri,http://www.wikidata.org/entity/Q15391741,uri,http://www.wikidata.org/entity/Q111242185,literal,Hydnocarpus pentandrus,literal,KMYJDVOGPCWOTR-JMUVRVIPSA-N,literal,O=C1C=C(OC=2C=C(O)C=C(O)C12)C=3C=CC=4OC(CO)C(OC4C3)C5=CC(OC)=C(O)C(=C5)C(=CC6=CC=C(O)C(OC)=C6)CO,en,literal,"5,7-dihydroxy-2-[(2S,3S)-3-[4-hydroxy-3-[(Z)-3-hydroxy-1-(4-hydroxy-3-methoxyphenyl)prop-1-en-2-yl]-5-methoxyphenyl]-2-(hydroxymethyl)-2,3-dihydro-1,4-benzodioxin-6-yl]chromen-4-one",literal,10.1021/NP50077A010,literal,365635-1,,,,
42,uri,http://www.wikidata.org/entity/Q15391741,uri,http://www.wikidata.org/entity/Q2823268,literal,Hydnocarpus pentandrus,literal,SRELFLQJDOTNLJ-UHFFFAOYSA-N,literal,C1CC(C=C1)CCCCCCCCCCC(=O)O,en,literal,(+/-)-hydnocarpic acid,literal,10.1021/JA01267A064,literal,365635-1,literal,94300-40-0,,
43,uri,http://www.wikidata.org/entity/Q15391741,uri,http://www.wikidata.org/entity/Q2823268,literal,Hydnocarpus pentandrus,literal,SRELFLQJDOTNLJ-UHFFFAOYSA-N,literal,C1CC(C=C1)CCCCCCCCCCC(=O)O,en,literal,(+/-)-hydnocarpic acid,literal,10.1039/CT9058700884,literal,365635-1,literal,94300-40-0,,
44,uri,http://www.wikidata.org/entity/Q15391741,uri,http://www.wikidata.org/entity/Q2823268,literal,Hydnocarpus pentandrus,literal,SRELFLQJDOTNLJ-UHFFFAOYSA-N,literal,C1CC(C=C1)CCCCCCCCCCC(=O)O,en,literal,(+/-)-hydnocarpic acid,literal,10.1021/JA01878A025,literal,365635-1,literal,94300-40-0,,
45,uri,http://www.wikidata.org/entity/Q5954066,uri,http://www.wikidata.org/entity/Q102302396,literal,Hydnocarpus anthelminticus,literal,XMVQWNRDPAAMJB-KRWDZBQOSA-N,literal,C1CC(C=C1)CCCCCCCCCCCCC(=O)O,en,literal,(R)-chaulmoogric acid,literal,10.1016/S0021-9673(01)92485-9,,,literal,1017254-68-0,,
46,uri,http://www.wikidata.org/entity/Q256911,uri,http://www.wikidata.org/entity/Q105187236,literal,Hydnocarpus octandra,literal,NXKDUDYUASKXAY-UHFFFAOYSA-N,literal,O=C(OC1CCC2C(C)(CCC3C2(C)CCC4(C)C5CC(C)(C)CCC5(C)CCC34C)C1C)C,en,literal,"(4,4a,6a,6b,8a,11,11,14a-Octamethyl-1,2,3,4,5,6,6a,7,8,9,10,12,12a,13,14,14b-hexadecahydropicen-3-yl) acetate",literal,10.1039/P19770000418,literal,111760-1,,,,
47,uri,http://www.wikidata.org/entity/Q256911,uri,http://www.wikidata.org/entity/Q104963443,literal,Hydnocarpus octandra,literal,CLHQWLNBKSRSPE-UHFFFAOYSA-N,literal,O=CC1(C)CCC2(C)CCC3(C)C4CCC5(C)C(C(=O)CCC5C4(C)CCC3(C)C2C1)C,en,literal,"2,4a,6a,6a,8a,9,14a-heptamethyl-10-oxo-3,4,5,6,6b,7,8,9,11,12,12a,13,14,14b-tetradecahydro-1H-picene-2-carbaldehyde",literal,10.1039/P19770000418,literal,111760-1,,,,
48,uri,http://www.wikidata.org/entity/Q256911,uri,http://www.wikidata.org/entity/Q104963443,literal,Hydnocarpus octandra,literal,CLHQWLNBKSRSPE-UHFFFAOYSA-N,literal,O=CC1(C)CCC2(C)CCC3(C)C4CCC5(C)C(C(=O)CCC5C4(C)CCC3(C)C2C1)C,en,literal,"2,4a,6a,6a,8a,9,14a-heptamethyl-10-oxo-3,4,5,6,6b,7,8,9,11,12,12a,13,14,14b-tetradecahydro-1H-picene-2-carbaldehyde",literal,10.1016/S0031-9422(00)84667-1,literal,111760-1,,,,
49,uri,http://www.wikidata.org/entity/Q15391741,uri,http://www.wikidata.org/entity/Q121802,literal,Hydnocarpus pentandrus,literal,KZJWDPNRJALLNS-VJSFXXLFSA-N,literal,CCC(CCC(C)C1CCC2C1(CCC3C2CC=C4C3(CCC(C4)O)C)C)C(C)C,en,literal,beta-sitosterol,literal,10.1021/NP50077A010,literal,365635-1,literal,19044-06-5,,
50,uri,http://www.wikidata.org/entity/Q7988493,uri,http://www.wikidata.org/entity/Q27124143,literal,Hydnocarpus annamensis,literal,LSKFUSLVUZISST-UHFFFAOYSA-N,literal,COC1=C(C=CC(=C1)C(C(CO)O)O)O,en,literal,guaiacylglycerol,literal,10.1055/S-2006-946678,literal,365607-1,literal,1208-42-0,literal,CHEMBL1078124
51,uri,http://www.wikidata.org/entity/Q7988493,uri,http://www.wikidata.org/entity/Q104997420,literal,Hydnocarpus annamensis,literal,FLROYCKIIJCTDY-UHFFFAOYSA-N,literal,O=C(OCC1OC(OC2=CC=C(O)C=C2CO)C(O)C(O)C1O)C=3C=CC=CC3,en,literal,Poliothyrsoside; Xylosmoside,literal,10.1055/S-2006-946678,literal,365607-1,,,,
52,uri,http://www.wikidata.org/entity/Q7988493,uri,http://www.wikidata.org/entity/Q27215721,literal,Hydnocarpus annamensis,literal,QGFJORGLNPWXMK-UHFFFAOYSA-N,literal,COC1=C(C=CC(=C1)CC(CO)O)O,en,literal,"3-(4-hydroxy-3-methoxyphenyl)propane-1,2-diol",literal,10.1055/S-2006-946678,literal,365607-1,literal,27391-18-0,,
53,uri,http://www.wikidata.org/entity/Q7988493,uri,http://www.wikidata.org/entity/Q105303113,literal,Hydnocarpus annamensis,literal,WEKCEGQSIIQPAQ-UHFFFAOYSA-N,literal,OC1=C(OC)C=C(C=C1OC)C2OCC3C(OCC23)C4=CC(OC)=C(OC5OC(CO)C(O)C(O)C5O)C(OC)=C4,en,literal,(+)-7-epi-Syringaresinol 4'-glucoside,literal,10.1055/S-2006-946678,literal,365607-1,,,,
54,uri,http://www.wikidata.org/entity/Q15391741,uri,http://www.wikidata.org/entity/Q15410900,literal,Hydnocarpus pentandrus,literal,NPJICTMALKLTFW-OFUAXYCQSA-N,literal,CCC(CCC(C)C1CCC2C1(CCC3C2CC=C4C3(CCC(C4)OC5C(C(C(C(O5)CO)O)O)O)C)C)C(C)C,en,literal,sitogluside,literal,10.1021/NP50077A010,literal,365635-1,literal,474-58-8,literal,CHEMBL506678
55,uri,http://www.wikidata.org/entity/Q7988493,uri,http://www.wikidata.org/entity/Q105183147,literal,Hydnocarpus annamensis,literal,NPNFZOGKIFFKGT-UHFFFAOYSA-N,literal,OC1=CC=C(OC2OC(CO)C(O)C(O)C2O)C(=C1)CO,en,literal,"2-[4-Hydroxy-2-(hydroxymethyl)phenoxy]-6-(hydroxymethyl)oxane-3,4,5-triol",literal,10.1055/S-2006-946678,literal,365607-1,,,,
56,uri,http://www.wikidata.org/entity/Q256911,uri,http://www.wikidata.org/entity/Q104396184,literal,Hydnocarpus octandra,literal,WHWHDGKOSUKYOV-UHFFFAOYSA-N,literal,O=C(O)C1(C)CCC2(C)CCC3(C)C4CCC5(C)C(C(=O)CCC5C4(C)CCC3(C)C2C1)C,en,literal,Polpunonic acid,literal,10.1016/S0031-9422(00)84667-1,literal,111760-1,,,,
57,uri,http://www.wikidata.org/entity/Q7988493,uri,http://www.wikidata.org/entity/Q19598411,literal,Hydnocarpus annamensis,literal,RARSHUDCJQSEFJ-UHFFFAOYSA-N,literal,CCC(=O)C1=CC=C(C=C1)O,en,literal,paroxypropione,literal,10.1055/S-2006-946678,literal,365607-1,literal,70-70-2,literal,CHEMBL312311
58,uri,http://www.wikidata.org/entity/Q7988493,uri,http://www.wikidata.org/entity/Q110192026,literal,Hydnocarpus annamensis,literal,PNHYNZGMUXQVGM-UHFFFAOYSA-N,literal,O=C(OC1C(O)C(O)C(OC2=CC=C(O)C=C2CO)OC1CO)C=3C=CC=CC3,en,literal,"[4,5-Dihydroxy-6-[4-hydroxy-2-(hydroxymethyl)phenoxy]-2-(hydroxymethyl)oxan-3-yl] benzoate",literal,10.1055/S-2006-946678,literal,365607-1,,,,
59,uri,http://www.wikidata.org/entity/Q11144849,uri,http://www.wikidata.org/entity/Q102302396,literal,Hydnocarpus anthelminthicus,literal,XMVQWNRDPAAMJB-KRWDZBQOSA-N,literal,C1CC(C=C1)CCCCCCCCCCCCC(=O)O,en,literal,(R)-chaulmoogric acid,literal,10.1016/S0021-9673(01)92485-9,literal,365610-1,literal,1017254-68-0,,
60,uri,http://www.wikidata.org/entity/Q15391741,uri,http://www.wikidata.org/entity/Q82047559,literal,Hydnocarpus pentandrus,literal,ACWNTJJUZAIOLW-UHFFFAOYSA-N,literal,O=C(OC1CCC2(C)C(CCC3(C)C2CCC4C5C(C(=C)C)CCC5(C(=O)O)CCC43C)C1(C)C)C,en,literal,3-(acetyloxy)lup-20(29)-en-28-oic acid,literal,10.1055/S-0028-1097302,literal,365635-1,literal,10376-50-8,,
61,uri,http://www.wikidata.org/entity/Q15391741,uri,http://www.wikidata.org/entity/Q111242150,literal,Hydnocarpus pentandrus,literal,KMYJDVOGPCWOTR-UDJTZZNJSA-N,literal,O=C1C=C(OC=2C=C(O)C=C(O)C12)C=3C=CC=4OC(CO)C(OC4C3)C5=CC(OC)=C(O)C(=C5)C(=CC6=CC=C(O)C(OC)=C6)CO,en,literal,Hydnowightin,literal,10.1055/S-0028-1097302,literal,365635-1,,,,
62,uri,http://www.wikidata.org/entity/Q15391741,uri,http://www.wikidata.org/entity/Q111242150,literal,Hydnocarpus pentandrus,literal,KMYJDVOGPCWOTR-UDJTZZNJSA-N,literal,O=C1C=C(OC=2C=C(O)C=C(O)C12)C=3C=CC=4OC(CO)C(OC4C3)C5=CC(OC)=C(O)C(=C5)C(=CC6=CC=C(O)C(OC)=C6)CO,en,literal,Hydnowightin,literal,10.1021/NP50077A010,literal,365635-1,,,,
63,uri,http://www.wikidata.org/entity/Q256911,uri,http://www.wikidata.org/entity/Q105251819,literal,Hydnocarpus octandra,literal,SFLBBFFVFHUSKQ-UHFFFAOYSA-N,literal,O=C(O)C12CCC3(C)CCC(C)(C)CC3C2(C)CCC4(C)C5CCC(O)C(C)C5(C)CCC41,en,literal,Trichadenic acid B,literal,10.1039/P19770000418,literal,111760-1,,,,
64,uri,http://www.wikidata.org/entity/Q256911,uri,http://www.wikidata.org/entity/Q104193324,literal,Hydnocarpus octandra,literal,OFMXGFHWLZPCFL-UHFFFAOYSA-N,literal,O=C1CCC2C(C)(CCC3C2(C)CCC4(C)C5CC(C)(C)CCC5(C)CCC34C)C1C,en,literal,friedelin,literal,10.1039/P19770000418,literal,111760-1,literal,34539-66-7,,
65,uri,http://www.wikidata.org/entity/Q17565338,uri,http://www.wikidata.org/entity/Q102302396,literal,Hydnocarpus castaneus,literal,XMVQWNRDPAAMJB-KRWDZBQOSA-N,literal,C1CC(C=C1)CCCCCCCCCCCCC(=O)O,en,literal,(R)-chaulmoogric acid,literal,10.1016/S0021-9673(01)92485-9,literal,111741-1,literal,1017254-68-0,,
66,uri,http://www.wikidata.org/entity/Q15391741,uri,http://www.wikidata.org/entity/Q54321180,literal,Hydnocarpus pentandrus,literal,DTHSUAKYTFUSQU-UHFFFAOYSA-N,literal,C1CC(C=C1)CCCCCCCCC(=O)O,en,literal,Alepric acid,literal,10.1021/JA01267A064,literal,365635-1,literal,2519-24-6,,
67,uri,http://www.wikidata.org/entity/Q15391741,uri,http://www.wikidata.org/entity/Q54321180,literal,Hydnocarpus pentandrus,literal,DTHSUAKYTFUSQU-UHFFFAOYSA-N,literal,C1CC(C=C1)CCCCCCCCC(=O)O,en,literal,Alepric acid,literal,10.1021/JA01878A025,literal,365635-1,literal,2519-24-6,,
68,uri,http://www.wikidata.org/entity/Q256911,uri,http://www.wikidata.org/entity/Q104200838,literal,Hydnocarpus octandra,literal,XCDQFROEGGNAER-UHFFFAOYSA-N,literal,OC1CCC2C(C)(CCC3C2(C)CCC4(C)C5CC(C)(C)CCC5(C)CCC34C)C1C,en,literal,Friedelinol,literal,10.1039/P19770000418,literal,111760-1,,,,
69,uri,http://www.wikidata.org/entity/Q15391741,uri,http://www.wikidata.org/entity/Q415011,literal,Hydnocarpus pentandrus,literal,IQPNAANSBPBGFQ-UHFFFAOYSA-N,literal,C1=CC(=C(C=C1C2=CC(=O)C3=C(C=C(C=C3O2)O)O)O)O,en,literal,luteolin,literal,10.1021/NP50077A010,literal,365635-1,literal,491-70-3,literal,CHEMBL151
70,uri,http://www.wikidata.org/entity/Q11144849,uri,http://www.wikidata.org/entity/Q110194601,literal,Hydnocarpus anthelminthicus,literal,UFLZNHIKURDSFS-UHFFFAOYSA-N,literal,O=C1C=C(OC=2C=C(O)C=C(O)C12)C=3C=CC=4OC(C5=CC=C(O)C(OC)=C5)C(C4C3O)CO,en,literal,"5,7-Dihydroxy-2-[4-hydroxy-2-(4-hydroxy-3-methoxyphenyl)-3-(hydroxymethyl)-2,3-dihydro-1-benzofuran-5-yl]chromen-4-one",literal,10.1080/10286020.2010.543131,literal,365610-1,,,,
71,uri,http://www.wikidata.org/entity/Q15391741,uri,http://www.wikidata.org/entity/Q121802,literal,Hydnocarpus pentandrus,literal,KZJWDPNRJALLNS-VJSFXXLFSA-N,literal,CCC(CCC(C)C1CCC2C1(CCC3C2CC=C4C3(CCC(C4)O)C)C)C(C)C,en,literal,beta-sitosterol,literal,10.1021/NP50077A010,literal,365635-1,literal,83-46-5,,
72,uri,http://www.wikidata.org/entity/Q7988493,uri,http://www.wikidata.org/entity/Q104415326,literal,Hydnocarpus annamensis,literal,NPJICTMALKLTFW-UHFFFAOYSA-N,literal,OCC1OC(OC2CC3=CCC4C(CCC5(C)C(CCC45)C(C)CCC(CC)C(C)C)C3(C)CC2)C(O)C(O)C1O,en,literal,beta-Sitosterol 3-O-beta-D-galactopyranoside,literal,10.1055/S-2006-946678,literal,365607-1,,,,
73,uri,http://www.wikidata.org/entity/Q17565338,uri,http://www.wikidata.org/entity/Q110194601,literal,Hydnocarpus castaneus,literal,UFLZNHIKURDSFS-UHFFFAOYSA-N,literal,O=C1C=C(OC=2C=C(O)C=C(O)C12)C=3C=CC=4OC(C5=CC=C(O)C(OC)=C5)C(C4C3O)CO,en,literal,"5,7-Dihydroxy-2-[4-hydroxy-2-(4-hydroxy-3-methoxyphenyl)-3-(hydroxymethyl)-2,3-dihydro-1-benzofuran-5-yl]chromen-4-one",literal,10.1080/10286020.2010.543131,literal,111741-1,,,,
74,uri,http://www.wikidata.org/entity/Q17565320,uri,http://www.wikidata.org/entity/Q77250128,literal,Hydnocarpus subfalcata,literal,XMVQWNRDPAAMJB-UHFFFAOYSA-N,literal,C1CC(C=C1)CCCCCCCCCCCCC(=O)O,en,literal,chaulmoogric acid,literal,10.1002/RECL.19300490204,literal,365644-1,literal,502-30-7,literal,CHEMBL1649743
75,uri,http://www.wikidata.org/entity/Q5954066,uri,http://www.wikidata.org/entity/Q105133838,literal,Hydnocarpus anthelminticus,literal,JRCWYCAEAZEYNW-UKXAOYPBSA-N,literal,N#CC1(OC2OC(CO)C(O)C(O)C2O)C=CC(O)C1,en,literal,Taraktophyllin,literal,10.1016/S0040-4020(01)86821-6,,,,,,
76,uri,http://www.wikidata.org/entity/Q15391741,uri,http://www.wikidata.org/entity/Q111269306,literal,Hydnocarpus pentandrus,literal,KQRVYPVRZSAZBB-QKKBWIMNSA-N,literal,O=C1C=2C(O)=CC(O)=CC2OC=3C=4C=C(O)C(O)=CC4C(CO)C(C5=CC=C(O)C(OC)=C5)C13,en,literal,"(5R,6R)-2,3,8,10-tetrahydroxy-6-(4-hydroxy-3-methoxyphenyl)-5-(hydroxymethyl)-5,6-dihydrobenzo[c]xanthen-7-one",literal,10.1021/NP50077A010,literal,365635-1,,,,
77,uri,http://www.wikidata.org/entity/Q15391741,uri,http://www.wikidata.org/entity/Q105386486,literal,Hydnocarpus pentandrus,literal,ZYWKQKQEAVWKHD-ILBGXUMGSA-N,literal,O=C1C=C(OC=2C=C(O)C=C(O)C12)C=3C=CC=4OC(CO)C(OC4C3)C5=CC=C(O)C(OC)=C5,en,literal,hydnocarpin D,literal,10.1021/NP50077A010,literal,365635-1,,,,
78,uri,http://www.wikidata.org/entity/Q11144849,uri,http://www.wikidata.org/entity/Q105133838,literal,Hydnocarpus anthelminthicus,literal,JRCWYCAEAZEYNW-UKXAOYPBSA-N,literal,N#CC1(OC2OC(CO)C(O)C(O)C2O)C=CC(O)C1,en,literal,Taraktophyllin,literal,10.1016/S0040-4020(01)86821-6,literal,365610-1,,,,
79,uri,http://www.wikidata.org/entity/Q11144849,uri,http://www.wikidata.org/entity/Q105282427,literal,Hydnocarpus anthelminthicus,literal,UZRAFOVPRMUAFS-HOTGVXAUSA-N,literal,O=C(OCC(O)CO)CCCCCCCCC1C=CCC1,en,literal,"[(2S)-2,3-dihydroxypropyl] 9-[(1R)-cyclopent-2-en-1-yl]nonanoate",literal,10.1002/CBDV.201000072,literal,365610-1,,,,
80,uri,http://www.wikidata.org/entity/Q17565338,uri,http://www.wikidata.org/entity/Q105133838,literal,Hydnocarpus castaneus,literal,JRCWYCAEAZEYNW-UKXAOYPBSA-N,literal,N#CC1(OC2OC(CO)C(O)C(O)C2O)C=CC(O)C1,en,literal,Taraktophyllin,literal,10.1016/S0040-4020(01)86821-6,literal,111741-1,,,,
81,uri,http://www.wikidata.org/entity/Q17565338,uri,http://www.wikidata.org/entity/Q105282427,literal,Hydnocarpus castaneus,literal,UZRAFOVPRMUAFS-HOTGVXAUSA-N,literal,O=C(OCC(O)CO)CCCCCCCCC1C=CCC1,en,literal,"[(2S)-2,3-dihydroxypropyl] 9-[(1R)-cyclopent-2-en-1-yl]nonanoate",literal,10.1002/CBDV.201000072,literal,111741-1,,,,
82,uri,http://www.wikidata.org/entity/Q15391741,uri,http://www.wikidata.org/entity/Q77250128,literal,Hydnocarpus pentandrus,literal,XMVQWNRDPAAMJB-UHFFFAOYSA-N,literal,C1CC(C=C1)CCCCCCCCCCCCC(=O)O,en,literal,chaulmoogric acid,literal,10.1021/JA01267A064,literal,365635-1,literal,502-30-7,literal,CHEMBL1649743
83,uri,http://www.wikidata.org/entity/Q15391741,uri,http://www.wikidata.org/entity/Q77250128,literal,Hydnocarpus pentandrus,literal,XMVQWNRDPAAMJB-UHFFFAOYSA-N,literal,C1CC(C=C1)CCCCCCCCCCCCC(=O)O,en,literal,chaulmoogric acid,literal,10.1039/CT9058700884,literal,365635-1,literal,502-30-7,literal,CHEMBL1649743
84,uri,http://www.wikidata.org/entity/Q15391741,uri,http://www.wikidata.org/entity/Q77250128,literal,Hydnocarpus pentandrus,literal,XMVQWNRDPAAMJB-UHFFFAOYSA-N,literal,C1CC(C=C1)CCCCCCCCCCCCC(=O)O,en,literal,chaulmoogric acid,literal,10.1021/JA01878A025,literal,365635-1,literal,502-30-7,literal,CHEMBL1649743
85,uri,http://www.wikidata.org/entity/Q7988493,uri,http://www.wikidata.org/entity/Q103818483,literal,Hydnocarpus annamensis,literal,DKZBBWMURDFHNE-UHFFFAOYSA-N,literal,O=CC=CC1=CC=C(O)C(OC)=C1,en,literal,coniferyl aldehyde,literal,10.1055/S-2006-946678,literal,365607-1,literal,458-36-6,,
86,uri,http://www.wikidata.org/entity/Q256911,uri,http://www.wikidata.org/entity/Q105176433,literal,Hydnocarpus octandra,literal,NAOCHKKFDYTOII-UHFFFAOYSA-N,literal,O=C1CCC2C(C)(CCC3C2(C)CCC4(C)C5CC(C)(CO)CCC5(C)CCC34C)C1C,en,literal,"D:A-Friedooleanan-3-one, 29-hydroxy-, (20alpha)-",literal,10.1039/P19770000418,literal,111760-1,,,,
87,uri,http://www.wikidata.org/entity/Q256911,uri,http://www.wikidata.org/entity/Q105176433,literal,Hydnocarpus octandra,literal,NAOCHKKFDYTOII-UHFFFAOYSA-N,literal,O=C1CCC2C(C)(CCC3C2(C)CCC4(C)C5CC(C)(CO)CCC5(C)CCC34C)C1C,en,literal,"D:A-Friedooleanan-3-one, 29-hydroxy-, (20alpha)-",literal,10.1016/S0031-9422(00)84667-1,literal,111760-1,,,,
88,uri,http://www.wikidata.org/entity/Q7988493,uri,http://www.wikidata.org/entity/Q63409374,literal,Hydnocarpus annamensis,literal,KZJWDPNRJALLNS-UHFFFAOYSA-N,literal,OC1CC2=CCC3C(CCC4(C)C(CCC34)C(C)CCC(CC)C(C)C)C2(C)CC1,en,literal,"17-(5-ethyl-6-methylheptan-2-yl)-10,13-dimethyl-2,3,4,7,8,9,11,12,14,15,16,17-dodecahydro-1H-cyclopenta[a]phenanthren-3-ol",literal,10.1055/S-2006-946678,literal,365607-1,,,,
89,uri,http://www.wikidata.org/entity/Q7988493,uri,http://www.wikidata.org/entity/Q105196659,literal,Hydnocarpus annamensis,literal,OPZHDDBSGCGGIM-UHFFFAOYSA-N,literal,OC1=C(OC)C=C(C=C1OC)C2OC3C(O)C(O)C(OC3OC2CO)CO,en,literal,"2-(4-hydroxy-3,5-dimethoxyphenyl)-3,6-bis(hydroxymethyl)-3,4a,6,7,8,8a-hexahydro-2H-pyrano[2,3-b][1,4]dioxine-7,8-diol",literal,10.1055/S-2006-946678,literal,365607-1,,,,
90,uri,http://www.wikidata.org/entity/Q7988493,uri,http://www.wikidata.org/entity/Q4596807,literal,Hydnocarpus annamensis,literal,OLBNOBQOQZRLMP-UHFFFAOYSA-N,literal,COC1=CC(=O)C=C(C1=O)OC,en,literal,"2,6-dimethoxyquinone",literal,10.1055/S-2006-946678,literal,365607-1,literal,530-55-2,literal,CHEMBL448515
91,uri,http://www.wikidata.org/entity/Q15391741,uri,http://www.wikidata.org/entity/Q27108621,literal,Hydnocarpus pentandrus,literal,JFSHUTJDVKUMTJ-QHPUVITPSA-N,literal,CC1(CCC2(CCC3(C(=CCC4C3(CCC5C4(CCC(C5(C)C)O)C)C)C2C1)C)C)C,en,literal,Î²-amyrin,literal,10.1021/NP50077A010,literal,365635-1,literal,559-70-6,literal,CHEMBL455098
92,uri,http://www.wikidata.org/entity/Q15391741,uri,http://www.wikidata.org/entity/Q105133838,literal,Hydnocarpus pentandrus,literal,JRCWYCAEAZEYNW-UKXAOYPBSA-N,literal,N#CC1(OC2OC(CO)C(O)C(O)C2O)C=CC(O)C1,en,literal,Taraktophyllin,literal,10.1055/S-2006-962449,literal,365635-1,,,,
93,uri,http://www.wikidata.org/entity/Q15391741,uri,http://www.wikidata.org/entity/Q121802,literal,Hydnocarpus pentandrus,literal,KZJWDPNRJALLNS-VJSFXXLFSA-N,literal,CCC(CCC(C)C1CCC2C1(CCC3C2CC=C4C3(CCC(C4)O)C)C)C(C)C,en,literal,beta-sitosterol,literal,10.1021/NP50077A010,literal,365635-1,literal,64997-52-0,,
94,uri,http://www.wikidata.org/entity/Q15391741,uri,http://www.wikidata.org/entity/Q2967432,literal,Hydnocarpus pentandrus,literal,SCZVLDHREVKTSH-UHFFFAOYSA-N,literal,COC1=C(C=CC(=C1)C2=CC(=O)C3=C(C=C(C=C3O2)O)O)O,en,literal,chryseriol,literal,10.1021/NP50077A010,literal,365635-1,literal,491-71-4,literal,CHEMBL214321
95,uri,http://www.wikidata.org/entity/Q15391741,uri,http://www.wikidata.org/entity/Q54360169,literal,Hydnocarpus pentandrus,literal,GMYNCKRSFMEXPG-UHFFFAOYSA-N,literal,C1CC(C=C1)CCCCCCC(=O)O,en,literal,Aleprylic acid,literal,10.1021/JA01267A064,literal,365635-1,literal,2348-91-6,,
96,uri,http://www.wikidata.org/entity/Q15391741,uri,http://www.wikidata.org/entity/Q54360169,literal,Hydnocarpus pentandrus,literal,GMYNCKRSFMEXPG-UHFFFAOYSA-N,literal,C1CC(C=C1)CCCCCCC(=O)O,en,literal,Aleprylic acid,literal,10.1021/JA01878A025,literal,365635-1,literal,2348-91-6,,
97,uri,http://www.wikidata.org/entity/Q7988493,uri,http://www.wikidata.org/entity/Q110195968,literal,Hydnocarpus annamensis,literal,XCKUFPVZWUOXGP-UHFFFAOYSA-N,literal,OCC1(O)COC(OCC2OC(OC=3C(OC)=CC(OC)=CC3OC)C(O)C(O)C2O)C1O,en,literal,"2-[[3,4-Dihydroxy-4-(hydroxymethyl)oxolan-2-yl]oxymethyl]-6-(2,4,6-trimethoxyphenoxy)oxane-3,4,5-triol",literal,10.1055/S-2006-946678,literal,365607-1,,,,
98,uri,http://www.wikidata.org/entity/Q15391741,uri,http://www.wikidata.org/entity/Q83099469,literal,Hydnocarpus pentandrus,literal,MDUXUIQALBEIGB-QKKBWIMNSA-N,literal,O=C1C=2C(O)=CC(O)=CC2OC=3C=4C=C(O)C(O)=CC4C(C5=CC=C(O)C(OC)=C5)C(C13)CO,en,literal,Neohydnocarpin,literal,10.1021/NP50077A010,literal,365635-1,literal,71417-57-7,,
99,uri,http://www.wikidata.org/entity/Q15391741,uri,http://www.wikidata.org/entity/Q424567,literal,Hydnocarpus pentandrus,literal,KZNIFHPLKGYRTM-UHFFFAOYSA-N,literal,C1=CC(=CC=C1C2=CC(=O)C3=C(C=C(C=C3O2)O)O)O,en,literal,apigenin,literal,10.1021/NP50077A010,literal,365635-1,literal,520-36-5,literal,CHEMBL28
100,uri,http://www.wikidata.org/entity/Q111634624,uri,http://www.wikidata.org/entity/Q909638,literal,Hydnocarpus octandrus,literal,GNRIZKKCNOBBMO-UHFFFAOYSA-N,literal,CC(=CCC1=C(C=C2C(=C1O)C(=O)C3=C(C(=C(C=C3O2)O)OC)CC=C(C)C)O)C,en,literal,mangostin,literal,10.1016/S0031-9422(00)84667-1,literal,111760-1,literal,6147-11-1,literal,CHEMBL323197
101,uri,http://www.wikidata.org/entity/Q15356074,uri,http://www.wikidata.org/entity/Q82881509,literal,Lindackeria dentata,literal,JRCWYCAEAZEYNW-MEPLYZCMSA-N,literal,N#CC1(OC2OC(CO)C(O)C(O)C2O)C=CC(O)C1,en,literal,Passicoriacin,literal,10.1055/S-2004-832628,literal,365668-1,literal,109905-56-8,,
102,uri,http://www.wikidata.org/entity/Q17565381,uri,http://www.wikidata.org/entity/Q82076784,literal,Rawsonia lucida,literal,KFVUAKHYONEENV-UHFFFAOYSA-N,literal,O=C(O)C(N)C1C=CCC1,en,literal,NSC352948,literal,10.1016/S0305-1978(00)00048-X,literal,112018-1,literal,933-97-1,,
103,uri,http://www.wikidata.org/entity/Q111634624,uri,http://www.wikidata.org/entity/Q111241391,literal,Hydnocarpus octandrus,literal,VMAAWTYFHUMTRL-UHFFFAOYSA-N,literal,O=CC1(C)CCC2(C)CCC3(C)C4CCC5(C)C(C)C(O)CCC5C4(C)CCC3(C)C2C1,en,literal,"10-Hydroxy-2,4a,6a,6a,8a,9,14a-heptamethyl-1,3,4,5,6,6b,7,8,9,10,11,12,12a,13,14,14b-hexadecahydropicene-2-carbaldehyde",literal,10.1039/P19770000418,literal,111760-1,,,,
104,uri,http://www.wikidata.org/entity/Q111634624,uri,http://www.wikidata.org/entity/Q111241391,literal,Hydnocarpus octandrus,literal,VMAAWTYFHUMTRL-UHFFFAOYSA-N,literal,O=CC1(C)CCC2(C)CCC3(C)C4CCC5(C)C(C)C(O)CCC5C4(C)CCC3(C)C2C1,en,literal,"10-Hydroxy-2,4a,6a,6a,8a,9,14a-heptamethyl-1,3,4,5,6,6b,7,8,9,10,11,12,12a,13,14,14b-hexadecahydropicene-2-carbaldehyde",literal,10.1016/S0031-9422(00)84667-1,literal,111760-1,,,,
105,uri,http://www.wikidata.org/entity/Q6405945,uri,http://www.wikidata.org/entity/Q105025208,literal,Kiggelaria africana,literal,HBCFZAXOSTUEHA-XZPZHEHLSA-N,literal,N#CC1(OC2OC(CO)C(O)C(O)C2O)C=CCC1,en,literal,deidaclin,literal,10.1021/JO00008A015,literal,111770-1,,,,
106,uri,http://www.wikidata.org/entity/Q5625192,uri,http://www.wikidata.org/entity/Q105160217,literal,Gynocardia odorata,literal,LZYWCFJWIAXXKP-NGIBWZRKSA-N,literal,O=C1OCC23CCCC1(C)C3CCC45C=C(C)C(CCC42)C5,en,literal,Isoodolide,literal,10.1016/0031-9422(95)00105-G,literal,111709-1,,,,
107,uri,http://www.wikidata.org/entity/Q17565367,uri,http://www.wikidata.org/entity/Q104945915,literal,Ryparosa kurrangii,literal,BTWZMPXQZXWWGU-FQDRLZQQSA-N,literal,N#CC1C(OC2OC(CO)C(O)C(O)C2O)=CC(O)C1O,en,literal,"(1S,4S,5S)-4,5-dihydroxy-2-[(2S,3R,4S,5R,6R)-3,4,5-trihydroxy-6-(hydroxymethyl)oxan-2-yl]oxycyclopent-2-ene-1-carbonitrile",literal,10.1016/J.PHYTOCHEM.2007.04.038,literal,77076046-1,,,,
108,uri,http://www.wikidata.org/entity/Q17565418,uri,http://www.wikidata.org/entity/Q105025022,literal,Ceratiosicyos laevis,literal,HASDUOHKNMHNJA-JGZJKUPSSA-N,literal,N#CC1(OC2OC(CO)C(O)C(O)C2O)C=CC(O)C1O,en,literal,"(1R,4R,5S)-4,5-dihydroxy-1-[(2R,3R,4S,5S,6R)-3,4,5-trihydroxy-6-(hydroxymethyl)oxan-2-yl]oxycyclopent-2-ene-1-carbonitrile",literal,10.1016/S0031-9422(00)81693-3,literal,56878-1,,,,
109,uri,http://www.wikidata.org/entity/Q17565380,uri,http://www.wikidata.org/entity/Q15410972,literal,Ryparosa acuminata,literal,OFMXGFHWLZPCFL-SVRPQWSVSA-N,literal,CC1C(=O)CCC2C1(CCC3C2(CCC4(C3(CCC5(C4CC(CC5)(C)C)C)C)C)C)C,en,literal,friedelin,literal,10.1071/CH9930739,literal,365867-1,literal,559-74-0,literal,CHEMBL485998
110,uri,http://www.wikidata.org/entity/Q15389792,uri,http://www.wikidata.org/entity/Q105249780,literal,Caloncoba echinata,literal,SBYBESQWVAOXTK-AYIQWRIQSA-N,literal,O=C1CCC2(C)C(CCC3(C)C(C(=C)CCC(O)C4(OC(CC4)C(O)(C)C)C)CCC32)C1(C)C,en,literal,"(3S,3aR,5aS,9aS,9bR)-3-[(5S)-5-hydroxy-5-[(2S,5S)-5-(2-hydroxypropan-2-yl)-2-methyloxolan-2-yl]pent-1-en-2-yl]-3a,6,6,9a-tetramethyl-2,3,4,5,5a,8,9,9b-octahydro-1H-cyclopenta[a]naphthalen-7-one",literal,10.1021/NP0201826,literal,365009-1,,,,
111,uri,http://www.wikidata.org/entity/Q111634624,uri,http://www.wikidata.org/entity/Q111241731,literal,Hydnocarpus octandrus,literal,DQQZMZWAURMSRL-UHFFFAOYSA-N,literal,OCC1(C)CCC2(C)CCC3(C)C4CCC5(C)C(C)C(O)CCC5C4(C)CCC3(C)C2C1,en,literal,"d:a-Friedooleanane-3,29-diol, (3alpha,20alpha)-",literal,10.1039/P19770000418,literal,111760-1,,,,
112,uri,http://www.wikidata.org/entity/Q111634624,uri,http://www.wikidata.org/entity/Q111241731,literal,Hydnocarpus octandrus,literal,DQQZMZWAURMSRL-UHFFFAOYSA-N,literal,OCC1(C)CCC2(C)CCC3(C)C4CCC5(C)C(C)C(O)CCC5C4(C)CCC3(C)C2C1,en,literal,"d:a-Friedooleanane-3,29-diol, (3alpha,20alpha)-",literal,10.1016/S0031-9422(00)84667-1,literal,111760-1,,,,
113,uri,http://www.wikidata.org/entity/Q15389792,uri,http://www.wikidata.org/entity/Q105249781,literal,Caloncoba echinata,literal,SBYBESQWVAOXTK-GIJSDNDKSA-N,literal,O=C1CCC2(C)C(CCC3(C)C(C(=C)CCC(O)C4(OC(CC4)C(O)(C)C)C)CCC32)C1(C)C,en,literal,"(13R,17S,20R,24R)-17,25-Dihydroxy-20,24-epoxymalabarica-14(30)-ene-3-one",literal,10.1021/NP0201826,literal,365009-1,,,,
114,uri,http://www.wikidata.org/entity/Q15390716,uri,http://www.wikidata.org/entity/Q105302034,literal,Caloncoba glauca,literal,WCRHKJYIDBGGKV-DVIAKVNHSA-N,literal,O=C1OC2C(O)C(=C)CC3C2(C)CCC4(C)C5CCC6(C)C(C)C(O)CCC6C5(C)CCC134,en,literal,Glaucalactone,literal,10.1021/NP200831C,literal,365014-1,,,,
115,uri,http://www.wikidata.org/entity/Q5466450,uri,http://www.wikidata.org/entity/Q121802,literal,Trichadenia zeylanica,literal,KZJWDPNRJALLNS-VJSFXXLFSA-N,literal,CCC(CCC(C)C1CCC2C1(CCC3C2CC=C4C3(CCC(C4)O)C)C)C(C)C,en,literal,beta-sitosterol,literal,10.1039/P19770000483,literal,112112-1,literal,19044-06-5,,
116,uri,http://www.wikidata.org/entity/Q17565418,uri,http://www.wikidata.org/entity/Q105138574,literal,Ceratiosicyos laevis,literal,KBWMTQSUESXJSN-SCDXWVJYSA-N,literal,OC1C=CC(O)C1O,en,literal,"(1R,2R,3S)-cyclopent-4-ene-1,2,3-triol",literal,10.1016/S0031-9422(00)81693-3,literal,56878-1,,,,
117,uri,http://www.wikidata.org/entity/Q15356074,uri,http://www.wikidata.org/entity/Q105133838,literal,Lindackeria dentata,literal,JRCWYCAEAZEYNW-UKXAOYPBSA-N,literal,N#CC1(OC2OC(CO)C(O)C(O)C2O)C=CC(O)C1,en,literal,Taraktophyllin,literal,10.1055/S-2004-832628,literal,365668-1,,,,
118,uri,http://www.wikidata.org/entity/Q15390716,uri,http://www.wikidata.org/entity/Q104976159,literal,Caloncoba glauca,literal,DCZGJIUDCAUZMF-ZAYGEOOPSA-N,literal,O=C(O)C12CCC3(C)C4CCC(=O)C(C)C4(C)CCC3C2(C)CCC5(C)CCC(C)(C)CC51,en,literal,"(4R,4aS,6aS,6aR,6bR,8aR,12aR,14aS,14bS)-4,4a,6b,8a,11,11,14a-heptamethyl-3-oxo-2,4,5,6,6a,7,8,9,10,12,12a,13,14,14b-tetradecahydro-1H-picene-6a-carboxylic acid",literal,10.1016/0031-9422(91)83041-I,literal,365014-1,,,,
119,uri,http://www.wikidata.org/entity/Q5625192,uri,http://www.wikidata.org/entity/Q104934970,literal,Gynocardia odorata,literal,BFWNIUDCISBXQW-WQCKFZFRSA-N,literal,O=C1OC2CC3(C)C4CCC(O)C(C)C4(C)CCC3C15CCC6(C)CCC(C)(C)CC6C25C,en,literal,Odollactone,literal,10.1016/S0040-4039(01)80048-4,literal,111709-1,,,,
120,uri,http://www.wikidata.org/entity/Q5625192,uri,http://www.wikidata.org/entity/Q105331584,literal,Gynocardia odorata,literal,XNDUZWOBKCRQAK-WDRZIKLGSA-N,literal,O=C(O)C12CCC3(C)C4CCC(O)C(C)C4(C)CCC3C2(C)CCC5(C)CCC(C)(C)CC51,en,literal,"(3R,4R,4aS,6aS,6aR,6bR,8aR,12aR,14aS,14bS)-3-hydroxy-4,4a,6b,8a,11,11,14a-heptamethyl-1,2,3,4,5,6,6a,7,8,9,10,12,12a,13,14,14b-hexadecahydropicene-6a-carboxylic acid",literal,10.1016/0031-9422(95)00105-G,literal,111709-1,,,,
121,uri,http://www.wikidata.org/entity/Q15356074,uri,http://www.wikidata.org/entity/Q105199611,literal,Lindackeria dentata,literal,OTFXVMDBYXRDHC-UJURSFKZSA-N,literal,NC(=O)C1(O)C=CC(O)C1,en,literal,"(1S,4R)-1,4-dihydroxycyclopent-2-ene-1-carboxamide",literal,10.1055/S-2004-832628,literal,365668-1,,,,
122,uri,http://www.wikidata.org/entity/Q5625192,uri,http://www.wikidata.org/entity/Q104402803,literal,Gynocardia odorata,literal,OVNXMWUNMVCHDQ-OAIRFABOSA-N,literal,O=C1OC2CC3(C)C(CCC4(C)C(C(=O)CCC43)C)C15CCC6(C)CCC(C)(C)CC6C25C,en,literal,Odolactone,literal,10.1016/0031-9422(95)00105-G,literal,111709-1,,,,
123,uri,http://www.wikidata.org/entity/Q111634624,uri,http://www.wikidata.org/entity/Q111241257,literal,Hydnocarpus octandrus,literal,FDSRANQONSPDDS-UHFFFAOYSA-N,literal,O=C(O)C1(C)CCC2(C)CCC3(C)C4CCC5(C)C(C)C(O)CCC5C4(C)CCC3(C)C2C1,en,literal,"10-Hydroxy-2,4a,6a,6a,8a,9,14a-heptamethyl-1,3,4,5,6,6b,7,8,9,10,11,12,12a,13,14,14b-hexadecahydropicene-2-carboxylic acid",literal,10.1016/S0031-9422(00)84667-1,literal,111760-1,,,,
124,uri,http://www.wikidata.org/entity/Q5753379,uri,http://www.wikidata.org/entity/Q105133839,literal,Carpotroche brasiliensis,literal,JRCWYCAEAZEYNW-WTVGNPTKSA-N,literal,N#CC1(OC2OC(CO)C(O)C(O)C2O)C=CC(O)C1,en,literal,Epivolkenin,literal,10.1016/S0031-9422(00)82504-2,literal,111507-1,,,,
125,uri,http://www.wikidata.org/entity/Q5625192,uri,http://www.wikidata.org/entity/Q105114715,literal,Gynocardia odorata,literal,IKKZQJLXNLPPHA-DCIKMXBJSA-N,literal,O=C(OC1CCC2C(C)(CCC3C45C(=O)OC(CC32C)C5(C)C6CC(C)(C)CCC6(C)CC4)C1C)C,en,literal,"[(1S,2S,5S,6R,7R,10S,11S,13R,14S,15S,20R)-5,6,11,14,17,17,20-heptamethyl-23-oxo-24-oxahexacyclo[11.9.2.01,14.02,11.05,10.015,20]tetracosan-7-yl] acetate",literal,10.1016/S0040-4039(01)80048-4,literal,111709-1,,,,
126,uri,http://www.wikidata.org/entity/Q5466450,uri,http://www.wikidata.org/entity/Q104403771,literal,Trichadenia zeylanica,literal,SFLBBFFVFHUSKQ-IQHYDASZSA-N,literal,O=C(O)C12CCC3(C)CCC(C)(C)CC3C2(C)CCC4(C)C5CCC(O)C(C)C5(C)CCC41,en,literal,Trichadenic acid A,literal,10.1039/P19770000483,literal,112112-1,,,,
127,uri,http://www.wikidata.org/entity/Q15390716,uri,http://www.wikidata.org/entity/Q105131820,literal,Caloncoba glauca,literal,JNCITHMSARHATO-WIBPMLNMSA-N,literal,O=C1OC2CC3(C)CC(O)C(=C)CC3C14CCC5(C)C6CCC(=O)C(C)C6(C)CCC5C24C,en,literal,21beta-Hydroxycaloncobalactone,literal,10.1016/0031-9422(91)83041-I,literal,365014-1,,,,
128,uri,http://www.wikidata.org/entity/Q15390716,uri,http://www.wikidata.org/entity/Q415007,literal,Caloncoba glauca,literal,PFTAWBLQPZVEMU-DZGCQCFKSA-N,literal,C1C(C(OC2=CC(=CC(=C21)O)O)C3=CC(=C(C=C3)O)O)O,en,literal,(+)-catechin,literal,10.1016/0031-9422(93)85433-R,literal,365014-1,literal,154-23-4,literal,CHEMBL311498
129,uri,http://www.wikidata.org/entity/Q17565380,uri,http://www.wikidata.org/entity/Q104912234,literal,Ryparosa acuminata,literal,AHHOXVSIDCTHSK-VMJIZDNZSA-N,literal,O=CC1(C)CCCC2(C=O)C1CCC34CC(CCC32)C(O)(C)C4,en,literal,"(1S,4R,5R,9R,10R,13R,14R)-14-hydroxy-5,14-dimethyltetracyclo[11.2.1.01,10.04,9]hexadecane-5,9-dicarbaldehyde",literal,10.1071/CH9930739,literal,365867-1,,,,
130,uri,http://www.wikidata.org/entity/Q6405945,uri,http://www.wikidata.org/entity/Q104396878,literal,Kiggelaria africana,literal,HASDUOHKNMHNJA-WTGJLRKRSA-N,literal,N#CC1(OC2OC(CO)C(O)C(O)C2O)C=CC(O)C1O,en,literal,gynocardin,literal,10.1021/NP50058A022,literal,111770-1,literal,14332-17-3,,
131,uri,http://www.wikidata.org/entity/Q6405945,uri,http://www.wikidata.org/entity/Q104396878,literal,Kiggelaria africana,literal,HASDUOHKNMHNJA-WTGJLRKRSA-N,literal,N#CC1(OC2OC(CO)C(O)C(O)C2O)C=CC(O)C1O,en,literal,gynocardin,literal,10.1016/S0031-9422(00)82504-2,literal,111770-1,literal,14332-17-3,,
132,uri,http://www.wikidata.org/entity/Q6405945,uri,http://www.wikidata.org/entity/Q104396878,literal,Kiggelaria africana,literal,HASDUOHKNMHNJA-WTGJLRKRSA-N,literal,N#CC1(OC2OC(CO)C(O)C(O)C2O)C=CC(O)C1O,en,literal,gynocardin,literal,10.1021/JO00008A015,literal,111770-1,literal,14332-17-3,,
133,uri,http://www.wikidata.org/entity/Q15390716,uri,http://www.wikidata.org/entity/Q104923654,literal,Caloncoba glauca,literal,BCVRNIRTFTXGFU-UHFFFAOYSA-N,literal,O=C(O)C12CCC3(C)CCC(C)(C)CC3C2(C)CCC4(C)C1CCC5(C)C(C(=O)CCC54)C,en,literal,"D:A-Friedooleanan-26-oic acid, 3-oxo-",literal,10.1016/0031-9422(91)83041-I,literal,365014-1,,,,
134,uri,http://www.wikidata.org/entity/Q17565418,uri,http://www.wikidata.org/entity/Q104396878,literal,Ceratiosicyos laevis,literal,HASDUOHKNMHNJA-WTGJLRKRSA-N,literal,N#CC1(OC2OC(CO)C(O)C(O)C2O)C=CC(O)C1O,en,literal,gynocardin,literal,10.1016/S0031-9422(00)81693-3,literal,56878-1,literal,14332-17-3,,
135,uri,http://www.wikidata.org/entity/Q17565381,uri,http://www.wikidata.org/entity/Q104396878,literal,Rawsonia lucida,literal,HASDUOHKNMHNJA-WTGJLRKRSA-N,literal,N#CC1(OC2OC(CO)C(O)C(O)C2O)C=CC(O)C1O,en,literal,gynocardin,literal,10.1016/S0305-1978(00)00048-X,literal,112018-1,literal,14332-17-3,,
136,uri,http://www.wikidata.org/entity/Q111634624,uri,http://www.wikidata.org/entity/Q105187236,literal,Hydnocarpus octandrus,literal,NXKDUDYUASKXAY-UHFFFAOYSA-N,literal,O=C(OC1CCC2C(C)(CCC3C2(C)CCC4(C)C5CC(C)(C)CCC5(C)CCC34C)C1C)C,en,literal,"(4,4a,6a,6b,8a,11,11,14a-Octamethyl-1,2,3,4,5,6,6a,7,8,9,10,12,12a,13,14,14b-hexadecahydropicen-3-yl) acetate",literal,10.1039/P19770000418,literal,111760-1,,,,
137,uri,http://www.wikidata.org/entity/Q111634624,uri,http://www.wikidata.org/entity/Q104963443,literal,Hydnocarpus octandrus,literal,CLHQWLNBKSRSPE-UHFFFAOYSA-N,literal,O=CC1(C)CCC2(C)CCC3(C)C4CCC5(C)C(C(=O)CCC5C4(C)CCC3(C)C2C1)C,en,literal,"2,4a,6a,6a,8a,9,14a-heptamethyl-10-oxo-3,4,5,6,6b,7,8,9,11,12,12a,13,14,14b-tetradecahydro-1H-picene-2-carbaldehyde",literal,10.1039/P19770000418,literal,111760-1,,,,
138,uri,http://www.wikidata.org/entity/Q111634624,uri,http://www.wikidata.org/entity/Q104963443,literal,Hydnocarpus octandrus,literal,CLHQWLNBKSRSPE-UHFFFAOYSA-N,literal,O=CC1(C)CCC2(C)CCC3(C)C4CCC5(C)C(C(=O)CCC5C4(C)CCC3(C)C2C1)C,en,literal,"2,4a,6a,6a,8a,9,14a-heptamethyl-10-oxo-3,4,5,6,6b,7,8,9,11,12,12a,13,14,14b-tetradecahydro-1H-picene-2-carbaldehyde",literal,10.1016/S0031-9422(00)84667-1,literal,111760-1,,,,
139,uri,http://www.wikidata.org/entity/Q15391562,uri,http://www.wikidata.org/entity/Q121802,literal,Caloncoba lophocarpa,literal,KZJWDPNRJALLNS-VJSFXXLFSA-N,literal,CCC(CCC(C)C1CCC2C1(CCC3C2CC=C4C3(CCC(C4)O)C)C)C(C)C,en,literal,beta-sitosterol,literal,10.1080/10575639608043574,literal,365018-1,literal,19044-06-5,,
140,uri,http://www.wikidata.org/entity/Q5625192,uri,http://www.wikidata.org/entity/Q104934966,literal,Gynocardia odorata,literal,BFWNIUDCISBXQW-LNYQAGLYSA-N,literal,O=C1OC2CC3(C)C4CCC(O)C(C)C4(C)CCC3C15CCC6(C)CCC(C)(C)CC6C25C,en,literal,"(1S,2S,5S,6R,7R,10S,11S,13R,14S,15S,20R)-7-hydroxy-5,6,11,14,17,17,20-heptamethyl-24-oxahexacyclo[11.9.2.01,14.02,11.05,10.015,20]tetracosan-23-one",literal,10.1016/S0040-4039(01)80048-4,literal,111709-1,,,,
141,uri,http://www.wikidata.org/entity/Q5625192,uri,http://www.wikidata.org/entity/Q121802,literal,Gynocardia odorata,literal,KZJWDPNRJALLNS-VJSFXXLFSA-N,literal,CCC(CCC(C)C1CCC2C1(CCC3C2CC=C4C3(CCC(C4)O)C)C)C(C)C,en,literal,beta-sitosterol,literal,10.1016/0031-9422(95)00105-G,literal,111709-1,literal,19044-06-5,,
142,uri,http://www.wikidata.org/entity/Q5753379,uri,http://www.wikidata.org/entity/Q104396878,literal,Carpotroche brasiliensis,literal,HASDUOHKNMHNJA-WTGJLRKRSA-N,literal,N#CC1(OC2OC(CO)C(O)C(O)C2O)C=CC(O)C1O,en,literal,gynocardin,literal,10.1016/S0031-9422(00)82504-2,literal,111507-1,literal,14332-17-3,,
143,uri,http://www.wikidata.org/entity/Q15389792,uri,http://www.wikidata.org/entity/Q105249785,literal,Caloncoba echinata,literal,SBYBESQWVAOXTK-ZLBCXZKWSA-N,literal,O=C1CCC2(C)C(CCC3(C)C(C(=C)CCC(O)C4(OC(CC4)C(O)(C)C)C)CCC32)C1(C)C,en,literal,"(13R,17R,20S,24R)-17,25-Dihydroxy-20,24-epoxymalabarica-14(30)-ene-3-one",literal,10.1021/NP0201826,literal,365009-1,,,,
144,uri,http://www.wikidata.org/entity/Q5625192,uri,http://www.wikidata.org/entity/Q104403771,literal,Gynocardia odorata,literal,SFLBBFFVFHUSKQ-IQHYDASZSA-N,literal,O=C(O)C12CCC3(C)CCC(C)(C)CC3C2(C)CCC4(C)C5CCC(O)C(C)C5(C)CCC41,en,literal,Trichadenic acid A,literal,10.1016/0031-9422(95)00105-G,literal,111709-1,,,,
145,uri,http://www.wikidata.org/entity/Q15389792,uri,http://www.wikidata.org/entity/Q105219537,literal,Caloncoba echinata,literal,QFFYREQVSNSSTO-DQTYNPBSSA-N,literal,O=C1CCC2(C)C(CCC3(C)C2C(O)CC4C(CCC43C)C(O)(C)CCC=C(C)C)C1(C)C,en,literal,"11-Hydroxy-17-(1-hydroxy-1,5-dimethyl-hex-4-enyl)-4,4,8,10,14-pentamethyl-hexadecahydro-cyclopenta[a]phenanthren-3-one",literal,10.1021/NP0201826,literal,365009-1,,,,
146,uri,http://www.wikidata.org/entity/Q5466450,uri,http://www.wikidata.org/entity/Q121802,literal,Trichadenia zeylanica,literal,KZJWDPNRJALLNS-VJSFXXLFSA-N,literal,CCC(CCC(C)C1CCC2C1(CCC3C2CC=C4C3(CCC(C4)O)C)C)C(C)C,en,literal,beta-sitosterol,literal,10.1039/P19770000483,literal,112112-1,literal,83-46-5,,
147,uri,http://www.wikidata.org/entity/Q111634624,uri,http://www.wikidata.org/entity/Q104396184,literal,Hydnocarpus octandrus,literal,WHWHDGKOSUKYOV-UHFFFAOYSA-N,literal,O=C(O)C1(C)CCC2(C)CCC3(C)C4CCC5(C)C(C(=O)CCC5C4(C)CCC3(C)C2C1)C,en,literal,Polpunonic acid,literal,10.1016/S0031-9422(00)84667-1,literal,111760-1,,,,
148,uri,http://www.wikidata.org/entity/Q15389792,uri,http://www.wikidata.org/entity/Q105323869,literal,Caloncoba echinata,literal,XADKGDBMULSEAC-WVMJFEGXSA-N,literal,O=C(O)CCCCC=CCCCCCCC1C=CCC1,en,literal,(E)-13-[(1R)-cyclopent-2-en-1-yl]tridec-6-enoic acid,literal,10.1021/JA01270A034,literal,365009-1,,,,
149,uri,http://www.wikidata.org/entity/Q5466450,uri,http://www.wikidata.org/entity/Q105147319,literal,Trichadenia zeylanica,literal,KXGJRMJZWJRTOF-CUISXRNRSA-N,literal,O=CC12CCC3(C)CCC(C)(C)CC3C2(C)CCC4(C)C1CCC5(C)C(C)C(OC(=O)C)CCC54,en,literal,O-Acetyltrichadenal,literal,10.1039/P19770000483,literal,112112-1,,,,
150,uri,http://www.wikidata.org/entity/Q5753379,uri,http://www.wikidata.org/entity/Q105323869,literal,Carpotroche brasiliensis,literal,XADKGDBMULSEAC-WVMJFEGXSA-N,literal,O=C(O)CCCCC=CCCCCCCC1C=CCC1,en,literal,(E)-13-[(1R)-cyclopent-2-en-1-yl]tridec-6-enoic acid,literal,10.1021/JA01270A033,literal,111507-1,,,,
151,uri,http://www.wikidata.org/entity/Q15390716,uri,http://www.wikidata.org/entity/Q105302421,literal,Caloncoba glauca,literal,WDJQHANSLSJHNN-XEPWAXDFSA-N,literal,O=C(O)C12CCC(C(C)CCC(O)C(O)(C)C)C2(C)CCC34CC54CCC(O)C(C)(C)C5CCC13,en,literal,caloncobic acid B,literal,10.1021/NP200831C,literal,365014-1,,,,
152,uri,http://www.wikidata.org/entity/Q15390716,uri,http://www.wikidata.org/entity/Q23050136,literal,Caloncoba glauca,literal,PFTAWBLQPZVEMU-UKRRQHHQSA-N,literal,C1C(C(OC2=CC(=CC(=C21)O)O)C3=CC(=C(C=C3)O)O)O,en,literal,(â)-epicatechin,literal,10.1016/0031-9422(93)85433-R,literal,365014-1,literal,490-46-0,literal,CHEMBL583912
153,uri,http://www.wikidata.org/entity/Q15390716,uri,http://www.wikidata.org/entity/Q105225911,literal,Caloncoba glauca,literal,QQKZTKCCQBXMPH-ZNAZFANWSA-N,literal,O=C1OC(CCC(C)C2C(O)CC13C4CCC5C(C(=O)CCC65CC46CCC23C)(C)C)C(O)(C)C,en,literal,caloncobalactone A,literal,10.1021/NP200831C,literal,365014-1,,,,
154,uri,http://www.wikidata.org/entity/Q15356074,uri,http://www.wikidata.org/entity/Q104909004,literal,Lindackeria dentata,literal,ACBIVPUNLNHGEL-RPDRRWSUSA-N,literal,NC(=O)C1(O)C=CC(O)C1O,en,literal,"(1S,4S,5R)-1,4,5-trihydroxycyclopent-2-ene-1-carboxamide",literal,10.1016/S0031-9422(98)00261-1,literal,365668-1,,,,
155,uri,http://www.wikidata.org/entity/Q5753379,uri,http://www.wikidata.org/entity/Q27131272,literal,Carpotroche brasiliensis,literal,SRELFLQJDOTNLJ-HNNXBMFYSA-N,literal,C1CC(C=C1)CCCCCCCCCCC(=O)O,en,literal,(R)-hydnocarpic acid,literal,10.1021/JA01270A033,literal,111507-1,literal,459-67-6,,
156,uri,http://www.wikidata.org/entity/Q15390716,uri,http://www.wikidata.org/entity/Q105309627,literal,Caloncoba glauca,literal,WOPFSKJVPXNLRO-UFBARVOKSA-N,literal,O=C1OC23CCC4(C)C(C(O)CC14C3CCC5C(CCC(=O)C5(C)C)C2)C(C)CCC(O)C(O)(C)C,en,literal,Caloncobalactone B,literal,10.1021/NP200831C,literal,365014-1,,,,
157,uri,http://www.wikidata.org/entity/Q5625192,uri,http://www.wikidata.org/entity/Q105307761,literal,Gynocardia odorata,literal,WKWLFWIGUZQCQG-NGIBWZRKSA-N,literal,O=C1OCC23CCCC1(C)C3CCC45CC(=C)C(CCC42)C5,en,literal,Odolide,literal,10.1016/0031-9422(95)00105-G,literal,111709-1,,,,
158,uri,http://www.wikidata.org/entity/Q5466450,uri,http://www.wikidata.org/entity/Q104939065,literal,Trichadenia zeylanica,literal,BNWKEGGBOIHREO-NHAPAFENSA-N,literal,O=C(OC1CCC2C(C)(CCC3C4(C(=O)O)CCC5(C)CCC(C)(C)CC5C4(C)CCC32C)C1C)C,en,literal,Acetoxytrichadenic acid B,literal,10.1039/P19770000483,literal,112112-1,,,,
159,uri,http://www.wikidata.org/entity/Q111634624,uri,http://www.wikidata.org/entity/Q105251819,literal,Hydnocarpus octandrus,literal,SFLBBFFVFHUSKQ-UHFFFAOYSA-N,literal,O=C(O)C12CCC3(C)CCC(C)(C)CC3C2(C)CCC4(C)C5CCC(O)C(C)C5(C)CCC41,en,literal,Trichadenic acid B,literal,10.1039/P19770000418,literal,111760-1,,,,
160,uri,http://www.wikidata.org/entity/Q17565367,uri,http://www.wikidata.org/entity/Q105025023,literal,Ryparosa kurrangii,literal,HASDUOHKNMHNJA-UHFFFAOYSA-N,literal,N#CC1(OC2OC(CO)C(O)C(O)C2O)C=CC(O)C1O,en,literal,gynocardin,literal,10.1016/J.PHYTOCHEM.2007.04.038,literal,77076046-1,,,,
161,uri,http://www.wikidata.org/entity/Q111634624,uri,http://www.wikidata.org/entity/Q104193324,literal,Hydnocarpus octandrus,literal,OFMXGFHWLZPCFL-UHFFFAOYSA-N,literal,O=C1CCC2C(C)(CCC3C2(C)CCC4(C)C5CC(C)(C)CCC5(C)CCC34C)C1C,en,literal,friedelin,literal,10.1039/P19770000418,literal,111760-1,literal,34539-66-7,,
162,uri,http://www.wikidata.org/entity/Q5625192,uri,http://www.wikidata.org/entity/Q105142701,literal,Gynocardia odorata,literal,KLMZPLYXGZZBCX-CJSYXLNHSA-N,literal,O=C1OCC23CCCC1(C)C3CCC45CC(CCC42)C(O)(C)C5,en,literal,Tripterifordin,literal,10.1016/0031-9422(95)00105-G,literal,111709-1,literal,139122-81-9,,
163,uri,http://www.wikidata.org/entity/Q111634624,uri,http://www.wikidata.org/entity/Q104200838,literal,Hydnocarpus octandrus,literal,XCDQFROEGGNAER-UHFFFAOYSA-N,literal,OC1CCC2C(C)(CCC3C2(C)CCC4(C)C5CC(C)(C)CCC5(C)CCC34C)C1C,en,literal,Friedelinol,literal,10.1039/P19770000418,literal,111760-1,,,,
164,uri,http://www.wikidata.org/entity/Q5466450,uri,http://www.wikidata.org/entity/Q105210926,literal,Trichadenia zeylanica,literal,PLHCCRHQUKTWNO-GCMXWDSQSA-N,literal,O=CC12CCC3(C)CCC(C)(C)CC3C2(C)CCC4(C)C1CCC5(C)C(C)C(O)CCC54,en,literal,Trichadenal,literal,10.1039/P19770000483,literal,112112-1,,,,
165,uri,http://www.wikidata.org/entity/Q15390716,uri,http://www.wikidata.org/entity/Q105033710,literal,Caloncoba glauca,literal,HUBHMTYCFBHIOD-ZRZFXVBUSA-N,literal,O=C(OC1CCC2C(C)(CCC3C2(C)CCC4(C(=O)O)C5CC(C)(C)CCC5(C)CCC34C)C1C)C,en,literal,Acetyltrichadenic acid B,literal,10.1021/NP200831C,literal,365014-1,,,,
166,uri,http://www.wikidata.org/entity/Q15389792,uri,http://www.wikidata.org/entity/Q102302396,literal,Caloncoba echinata,literal,XMVQWNRDPAAMJB-KRWDZBQOSA-N,literal,C1CC(C=C1)CCCCCCCCCCCCC(=O)O,en,literal,(R)-chaulmoogric acid,literal,10.1016/S0021-9673(01)92485-9,literal,365009-1,literal,1017254-68-0,,
167,uri,http://www.wikidata.org/entity/Q15389792,uri,http://www.wikidata.org/entity/Q102302396,literal,Caloncoba echinata,literal,XMVQWNRDPAAMJB-KRWDZBQOSA-N,literal,C1CC(C=C1)CCCCCCCCCCCCC(=O)O,en,literal,(R)-chaulmoogric acid,literal,10.1021/JA01270A034,literal,365009-1,literal,1017254-68-0,,
168,uri,http://www.wikidata.org/entity/Q15391562,uri,http://www.wikidata.org/entity/Q121802,literal,Caloncoba lophocarpa,literal,KZJWDPNRJALLNS-VJSFXXLFSA-N,literal,CCC(CCC(C)C1CCC2C1(CCC3C2CC=C4C3(CCC(C4)O)C)C)C(C)C,en,literal,beta-sitosterol,literal,10.1080/10575639608043574,literal,365018-1,literal,83-46-5,,
169,uri,http://www.wikidata.org/entity/Q5466450,uri,http://www.wikidata.org/entity/Q104939067,literal,Trichadenia zeylanica,literal,BNWKEGGBOIHREO-UJQWXYMBSA-N,literal,O=C(OC1CCC2C(C)(CCC3C4(C(=O)O)CCC5(C)CCC(C)(C)CC5C4(C)CCC32C)C1C)C,en,literal,Acetoxytrichadenic acid A,literal,10.1039/P19770000483,literal,112112-1,,,,
170,uri,http://www.wikidata.org/entity/Q5466450,uri,http://www.wikidata.org/entity/Q105187234,literal,Trichadenia zeylanica,literal,NXKDUDYUASKXAY-KONIRMKDSA-N,literal,O=C(OC1CCC2C(C)(CCC3C2(C)CCC4(C)C5CC(C)(C)CCC5(C)CCC34C)C1C)C,en,literal,3alpha-Acetoxyfriedelane,literal,10.1039/P19770000483,literal,112112-1,,,,
171,uri,http://www.wikidata.org/entity/Q5753379,uri,http://www.wikidata.org/entity/Q102302396,literal,Carpotroche brasiliensis,literal,XMVQWNRDPAAMJB-KRWDZBQOSA-N,literal,C1CC(C=C1)CCCCCCCCCCCCC(=O)O,en,literal,(R)-chaulmoogric acid,literal,10.1021/JA01270A033,literal,111507-1,literal,1017254-68-0,,
172,uri,http://www.wikidata.org/entity/Q5625192,uri,http://www.wikidata.org/entity/Q121802,literal,Gynocardia odorata,literal,KZJWDPNRJALLNS-VJSFXXLFSA-N,literal,CCC(CCC(C)C1CCC2C1(CCC3C2CC=C4C3(CCC(C4)O)C)C)C(C)C,en,literal,beta-sitosterol,literal,10.1016/0031-9422(95)00105-G,literal,111709-1,literal,83-46-5,,
173,uri,http://www.wikidata.org/entity/Q6405945,uri,http://www.wikidata.org/entity/Q27106811,literal,Kiggelaria africana,literal,HASDUOHKNMHNJA-GDLVSTOPSA-N,literal,C1=CC(C(C1O)O)(C#N)OC2C(C(C(C(O2)CO)O)O)O,en,literal,epigynocardin,literal,10.1021/NP50058A022,literal,111770-1,literal,101144-40-5,,
174,uri,http://www.wikidata.org/entity/Q6405945,uri,http://www.wikidata.org/entity/Q27106811,literal,Kiggelaria africana,literal,HASDUOHKNMHNJA-GDLVSTOPSA-N,literal,C1=CC(C(C1O)O)(C#N)OC2C(C(C(C(O2)CO)O)O)O,en,literal,epigynocardin,literal,10.1016/S0031-9422(00)82504-2,literal,111770-1,literal,101144-40-5,,
175,uri,http://www.wikidata.org/entity/Q6405945,uri,http://www.wikidata.org/entity/Q27106811,literal,Kiggelaria africana,literal,HASDUOHKNMHNJA-GDLVSTOPSA-N,literal,C1=CC(C(C1O)O)(C#N)OC2C(C(C(C(O2)CO)O)O)O,en,literal,epigynocardin,literal,10.1021/JO00008A015,literal,111770-1,literal,101144-40-5,,
176,uri,http://www.wikidata.org/entity/Q6405945,uri,http://www.wikidata.org/entity/Q27106359,literal,Kiggelaria africana,literal,HBCFZAXOSTUEHA-ZSOJELSESA-N,literal,C1CC(C=C1)(C#N)OC2C(C(C(C(O2)CO)O)O)O,en,literal,Deidaclin,literal,10.1021/JO00008A015,literal,111770-1,literal,88824-26-4,,
177,uri,http://www.wikidata.org/entity/Q17565407,uri,http://www.wikidata.org/entity/Q1649777,literal,Erythrospermum monticolum,literal,OXGUCUVFOIWWQJ-HQBVPOQASA-N,literal,CC1C(C(C(C(O1)OC2=C(OC3=CC(=CC(=C3C2=O)O)O)C4=CC(=C(C=C4)O)O)O)O)O,en,literal,quercitrin,literal,10.1055/S-2006-959357,,,literal,522-12-3,literal,CHEMBL82242
178,uri,http://www.wikidata.org/entity/Q5466450,uri,http://www.wikidata.org/entity/Q121802,literal,Trichadenia zeylanica,literal,KZJWDPNRJALLNS-VJSFXXLFSA-N,literal,CCC(CCC(C)C1CCC2C1(CCC3C2CC=C4C3(CCC(C4)O)C)C)C(C)C,en,literal,beta-sitosterol,literal,10.1039/P19770000483,literal,112112-1,literal,64997-52-0,,
179,uri,http://www.wikidata.org/entity/Q15390716,uri,http://www.wikidata.org/entity/Q105114837,literal,Caloncoba glauca,literal,IKOBLAPERMAFGU-JZYMYGMISA-N,literal,O=C1CCC2C(C)(CCC3C2(C)CCC4(CO)C5CC(C)(C)CCC5(C)CCC34C)C1C,en,literal,"(4R,4aS,6aS,6aR,6bR,8aR,12aR,14aS,14bS)-6a-(hydroxymethyl)-4,4a,6b,8a,11,11,14a-heptamethyl-2,4,5,6,6a,7,8,9,10,12,12a,13,14,14b-tetradecahydro-1H-picen-3-one",literal,10.1016/0031-9422(93)85433-R,literal,365014-1,,,,
180,uri,http://www.wikidata.org/entity/Q17565418,uri,http://www.wikidata.org/entity/Q27106811,literal,Ceratiosicyos laevis,literal,HASDUOHKNMHNJA-GDLVSTOPSA-N,literal,C1=CC(C(C1O)O)(C#N)OC2C(C(C(C(O2)CO)O)O)O,en,literal,epigynocardin,literal,10.1016/S0031-9422(00)81693-3,literal,56878-1,literal,101144-40-5,,
181,uri,http://www.wikidata.org/entity/Q17565381,uri,http://www.wikidata.org/entity/Q27106811,literal,Rawsonia lucida,literal,HASDUOHKNMHNJA-GDLVSTOPSA-N,literal,C1=CC(C(C1O)O)(C#N)OC2C(C(C(C(O2)CO)O)O)O,en,literal,epigynocardin,literal,10.1016/S0305-1978(00)00048-X,literal,112018-1,literal,101144-40-5,,
182,uri,http://www.wikidata.org/entity/Q5466450,uri,http://www.wikidata.org/entity/Q104923655,literal,Trichadenia zeylanica,literal,BCVRNIRTFTXGFU-URENJKOJSA-N,literal,O=C(O)C12CCC3(C)CCC(C)(C)CC3C2(C)CCC4(C)C1CCC5(C)C(C(=O)CCC54)C,en,literal,"(4aR,6aS,6aS,6bS,8aS,9R,12aS,14aS,14bR)-2,2,4a,6a,8a,9,14a-heptamethyl-10-oxo-3,4,5,6,6b,7,8,9,11,12,12a,13,14,14b-tetradecahydro-1H-picene-6a-carboxylic acid",literal,10.1039/P19770000483,literal,112112-1,,,,
183,uri,http://www.wikidata.org/entity/Q15390716,uri,http://www.wikidata.org/entity/Q105263812,literal,Caloncoba glauca,literal,SYVTXPULSBCSAB-CMWTXFCNSA-N,literal,O=C(O)C12CCC(C(C)CCC(O)C(=C)C)C2(C)CCC34CC54CCC(=O)C(C)(C)C5CCC13,en,literal,caloncobic acid A,literal,10.1021/NP200831C,literal,365014-1,,,,
184,uri,http://www.wikidata.org/entity/Q17565380,uri,http://www.wikidata.org/entity/Q104251415,literal,Ryparosa acuminata,literal,PEUUVVGQIVMSAW-KILAXVPQSA-N,literal,O(C1=CC=C(C=C1OC)C2OCC3C(OCC23)C4=CC=C(OC)C(OC)=C4)C,en,literal,"(3aS,6aS)-3,6-bis(3,4-dimethoxyphenyl)-1,3,3a,4,6,6a-hexahydrofuro[3,4-c]furan",literal,10.1071/CH9930739,literal,365867-1,,,,
185,uri,http://www.wikidata.org/entity/Q6405945,uri,http://www.wikidata.org/entity/Q105133838,literal,Kiggelaria africana,literal,JRCWYCAEAZEYNW-UKXAOYPBSA-N,literal,N#CC1(OC2OC(CO)C(O)C(O)C2O)C=CC(O)C1,en,literal,Taraktophyllin,literal,10.1016/S0031-9422(00)82504-2,literal,111770-1,,,,
186,uri,http://www.wikidata.org/entity/Q6405945,uri,http://www.wikidata.org/entity/Q105133838,literal,Kiggelaria africana,literal,JRCWYCAEAZEYNW-UKXAOYPBSA-N,literal,N#CC1(OC2OC(CO)C(O)C(O)C2O)C=CC(O)C1,en,literal,Taraktophyllin,literal,10.1021/JO00008A015,literal,111770-1,,,,
187,uri,http://www.wikidata.org/entity/Q5625192,uri,http://www.wikidata.org/entity/Q105200889,literal,Gynocardia odorata,literal,OVNXMWUNMVCHDQ-XTQLPABRSA-N,literal,O=C1OC2CC3(C)C(CCC4(C)C(C(=O)CCC43)C)C15CCC6(C)CCC(C)(C)CC6C25C,en,literal,"(1S,2S,5S,6R,10S,11S,13R,14S,15S,20R)-5,6,11,14,17,17,20-heptamethyl-24-oxahexacyclo[11.9.2.01,14.02,11.05,10.015,20]tetracosane-7,23-dione",literal,10.1016/S0040-4039(01)80048-4,literal,111709-1,,,,
188,uri,http://www.wikidata.org/entity/Q15390716,uri,http://www.wikidata.org/entity/Q105017808,literal,Caloncoba glauca,literal,GSUOKXAQAKHHDE-JZYMYGMISA-N,literal,O=CC12CCC3(C)C4CCC(=O)C(C)C4(C)CCC3C2(C)CCC5(C)CCC(C)(C)CC51,en,literal,"(4R,4aS,6aS,6aR,6bR,8aR,12aR,14aS,14bS)-4,4a,6b,8a,11,11,14a-heptamethyl-3-oxo-2,4,5,6,6a,7,8,9,10,12,12a,13,14,14b-tetradecahydro-1H-picene-6a-carbaldehyde",literal,10.1016/0031-9422(93)85433-R,literal,365014-1,,,,
189,uri,http://www.wikidata.org/entity/Q5753379,uri,http://www.wikidata.org/entity/Q27106811,literal,Carpotroche brasiliensis,literal,HASDUOHKNMHNJA-GDLVSTOPSA-N,literal,C1=CC(C(C1O)O)(C#N)OC2C(C(C(C(O2)CO)O)O)O,en,literal,epigynocardin,literal,10.1016/S0031-9422(00)82504-2,literal,111507-1,literal,101144-40-5,,
190,uri,http://www.wikidata.org/entity/Q17565380,uri,http://www.wikidata.org/entity/Q105300564,literal,Ryparosa acuminata,literal,WAZWEQYFSTXTHA-BHJGDWCPSA-N,literal,O=C1OCC2(C)CCCC13C2CCC45CC(CCC43)C(O)(C)C5,en,literal,neotripterifordin,literal,10.1071/CH9930739,literal,365867-1,,,,
191,uri,http://www.wikidata.org/entity/Q15356074,uri,http://www.wikidata.org/entity/Q422573,literal,Lindackeria dentata,literal,DRTQHJPVMGBUCF-XVFCMESISA-N,literal,C1=CN(C(=O)NC1=O)C2C(C(C(O2)CO)O)O,en,literal,uridine,literal,10.1055/S-2004-832628,literal,365668-1,literal,58-96-8,literal,CHEMBL100259
192,uri,http://www.wikidata.org/entity/Q111634624,uri,http://www.wikidata.org/entity/Q105176433,literal,Hydnocarpus octandrus,literal,NAOCHKKFDYTOII-UHFFFAOYSA-N,literal,O=C1CCC2C(C)(CCC3C2(C)CCC4(C)C5CC(C)(CO)CCC5(C)CCC34C)C1C,en,literal,"D:A-Friedooleanan-3-one, 29-hydroxy-, (20alpha)-",literal,10.1039/P19770000418,literal,111760-1,,,,
193,uri,http://www.wikidata.org/entity/Q111634624,uri,http://www.wikidata.org/entity/Q105176433,literal,Hydnocarpus octandrus,literal,NAOCHKKFDYTOII-UHFFFAOYSA-N,literal,O=C1CCC2C(C)(CCC3C2(C)CCC4(C)C5CC(C)(CO)CCC5(C)CCC34C)C1C,en,literal,"D:A-Friedooleanan-3-one, 29-hydroxy-, (20alpha)-",literal,10.1016/S0031-9422(00)84667-1,literal,111760-1,,,,
194,uri,http://www.wikidata.org/entity/Q15390716,uri,http://www.wikidata.org/entity/Q105122996,literal,Caloncoba glauca,literal,IYUZPBQOICRGRP-BCXJXKNISA-N,literal,O=C(O)C12CCC3(C)C4CCC(O)C(C)C4(C)CCC3C2(C)CCC5(C)CC(O)C(=C)CC51,en,literal,"(3S,4R,4aS,6aS,6aR,6bR,8aS,10S,12aR,14aS,14bS)-3,10-dihydroxy-4,4a,6b,8a,14a-pentamethyl-11-methylidene-1,2,3,4,5,6,6a,7,8,9,10,12,12a,13,14,14b-hexadecahydropicene-6a-carboxylic acid",literal,10.1016/0031-9422(93)85433-R,literal,365014-1,,,,
195,uri,http://www.wikidata.org/entity/Q15390716,uri,http://www.wikidata.org/entity/Q105122996,literal,Caloncoba glauca,literal,IYUZPBQOICRGRP-BCXJXKNISA-N,literal,O=C(O)C12CCC3(C)C4CCC(O)C(C)C4(C)CCC3C2(C)CCC5(C)CC(O)C(=C)CC51,en,literal,"(3S,4R,4aS,6aS,6aR,6bR,8aS,10S,12aR,14aS,14bS)-3,10-dihydroxy-4,4a,6b,8a,14a-pentamethyl-11-methylidene-1,2,3,4,5,6,6a,7,8,9,10,12,12a,13,14,14b-hexadecahydropicene-6a-carboxylic acid",literal,10.1021/NP200831C,literal,365014-1,,,,
196,uri,http://www.wikidata.org/entity/Q5625192,uri,http://www.wikidata.org/entity/Q105228823,literal,Gynocardia odorata,literal,QVPNGNPONGJCDO-OCBUOAJQSA-N,literal,O=C1OC2CC3(C)CCC(C)(C)CC3C14CCC5(C)C6CCC(=O)C(C)C6(C)CCC5C24C,en,literal,"(1R,4S,5S,9R,10S,13S,14R,15S,17R,22R)-4,9,10,14,17,20,20-heptamethyl-24-oxahexacyclo[13.7.2.01,14.04,13.05,10.017,22]tetracosane-8,23-dione",literal,10.1016/0031-9422(95)00105-G,literal,111709-1,,,,
197,uri,http://www.wikidata.org/entity/Q15389792,uri,http://www.wikidata.org/entity/Q27131069,literal,Caloncoba echinata,literal,XMVQWNRDPAAMJB-QGZVFWFLSA-N,literal,C1CC(C=C1)CCCCCCCCCCCCC(=O)O,en,literal,(S)-chaulmoogric acid,literal,10.1016/S0021-9673(01)92485-9,literal,365009-1,literal,29106-32-9,literal,CHEMBL2204421
198,uri,http://www.wikidata.org/entity/Q15391562,uri,http://www.wikidata.org/entity/Q121802,literal,Caloncoba lophocarpa,literal,KZJWDPNRJALLNS-VJSFXXLFSA-N,literal,CCC(CCC(C)C1CCC2C1(CCC3C2CC=C4C3(CCC(C4)O)C)C)C(C)C,en,literal,beta-sitosterol,literal,10.1080/10575639608043574,literal,365018-1,literal,64997-52-0,,
199,uri,http://www.wikidata.org/entity/Q15390716,uri,http://www.wikidata.org/entity/Q105298304,literal,Caloncoba glauca,literal,VWWIQUPEGPHXDE-ZQGYFWGMSA-N,literal,O=C1OC2CC3(C)CCC(=C)CC3C14CCC5(C)C6CCC(=O)C(C)C6(C)CCC5C24C,en,literal,Caloncobalactone,literal,10.1016/0031-9422(91)83041-I,literal,365014-1,,,,
200,uri,http://www.wikidata.org/entity/Q15391562,uri,http://www.wikidata.org/entity/Q105298304,literal,Caloncoba lophocarpa,literal,VWWIQUPEGPHXDE-ZQGYFWGMSA-N,literal,O=C1OC2CC3(C)CCC(=C)CC3C14CCC5(C)C6CCC(=O)C(C)C6(C)CCC5C24C,en,literal,Caloncobalactone,literal,10.1080/10575639608043574,literal,365018-1,,,,
201,uri,http://www.wikidata.org/entity/Q17565381,uri,http://www.wikidata.org/entity/Q105223236,literal,Rawsonia lucida,literal,QKNRHOUEJFBVGL-UHFFFAOYSA-N,literal,N#CC1(OC2=CC(O)=C(O)C(O)=C2O)C=CC(O)C1O,en,literal,"4,5-Dihydroxy-1-(2,3,4,5-tetrahydroxyphenoxy)cyclopent-2-ene-1-carbonitrile",literal,10.1016/S0305-1978(00)00048-X,literal,112018-1,,,,
202,uri,http://www.wikidata.org/entity/Q5625192,uri,http://www.wikidata.org/entity/Q121802,literal,Gynocardia odorata,literal,KZJWDPNRJALLNS-VJSFXXLFSA-N,literal,CCC(CCC(C)C1CCC2C1(CCC3C2CC=C4C3(CCC(C4)O)C)C)C(C)C,en,literal,beta-sitosterol,literal,10.1016/0031-9422(95)00105-G,literal,111709-1,literal,64997-52-0,,
