,organism.type,organism,structure.type,structure,organism_name.type,organism_name,structure_inchikey.type,structure_inchikey,structure_smiles.type,structure_smiles,ipniID.type,ipniID,structureLabel.xml:lang,structureLabel.type,structureLabel,refDOI.type,refDOI,structure_cas.type,structure_cas,chembl_id.type,chembl_id
0,uri,http://www.wikidata.org/entity/Q15539711,uri,http://www.wikidata.org/entity/Q27107597,literal,Daphnandra dielsii,literal,HGNHIFJNOKGSKI-WDYNHAJCSA-N,literal,CN1CCC2=CC(=C(C3=C2C1CC4=CC=C(C=C4)OC5=C(C=CC(=C5)CC6C7=CC(=C(C=C7CCN6C)OC)O3)O)OC)OC,literal,97970-3,en,literal,oxyacanthine,literal,10.3987/COM-89-4957,literal,548-40-3,literal,CHEMBL509999
1,uri,http://www.wikidata.org/entity/Q15541941,uri,http://www.wikidata.org/entity/Q118263602,literal,Nemuaron vieillardii,literal,BGKVBJKMOJQQKJ-UHFFFAOYSA-N,literal,OC1=CC=C2C=C1OC3=CC=C(C=C3)CC4C5=CC(OC)=C(OC=6C(OC)=C(OC)C=C7C6CCN(C)C7C2)C=C5CCN4C,literal,582170-1,en,literal,"10,14,15-Trimethoxy-4,21-dimethyl-12,29-dioxa-4,21-diazaheptacyclo[28.2.2.17,11.124,28.03,8.013,18.017,22]hexatriaconta-1(32),7(36),8,10,13(18),14,16,24(35),25,27,30,33-dodecaen-27-ol",literal,10.1071/CH9730455,,,,
2,uri,http://www.wikidata.org/entity/Q14831655,uri,http://www.wikidata.org/entity/Q412226,literal,Atherosperma moschatum,literal,BLGXFZZNTVWLAY-SCYLSFHTSA-N,literal,COC(=O)C1C(CCC2C1CC3C4=C(CCN3C2)C5=CC=CC=C5N4)O,literal,581759-1,en,literal,yohimbine,literal,10.1017/S0022149X00033812,literal,146-48-5,literal,CHEMBL15245
3,uri,http://www.wikidata.org/entity/Q15539711,uri,http://www.wikidata.org/entity/Q105323958,literal,Daphnandra dielsii,literal,XAJNVBMWCKYWIM-UHFFFAOYSA-N,literal,O=C1C=2OC3=CC4=C(C=CN(C4=CC=5C=CC(OC=6C=C(C=C7OCOC67)CC8=C1C(=CC2OC)CCN8C)=CC5)C)C=C3OC,literal,97970-3,en,literal,"32,39-Dimethoxy-9,27-dimethyl-2,15,17,20-tetraoxa-9,27-diazaoctacyclo[24.6.2.23,6.221,24.112,19.05,10.014,18.030,34]nonatriaconta-1(32),3(39),5(10),6(38),12,14(18),19(37),21,23,25,28,30,33,35-tetradecaen-4-one",literal,10.1071/CH9901129,,,,
4,uri,http://www.wikidata.org/entity/Q14831655,uri,http://www.wikidata.org/entity/Q423515,literal,Atherosperma moschatum,literal,HJJPJSXJAXAIPN-UHFFFAOYSA-N,literal,CN1CCC=C(C1)C(=O)OC,literal,581759-1,en,literal,arecoline,literal,10.1017/S0022149X00033812,literal,63-75-2,literal,CHEMBL7303
5,uri,http://www.wikidata.org/entity/Q14831655,uri,http://www.wikidata.org/entity/Q27103558,literal,Atherosperma moschatum,literal,JYIJIIVLEOETIQ-XDQVBPFNSA-N,literal,C1CCN2CC3CC(C2C1)CN4C3CCCC4=O,literal,581759-1,en,literal,lupanine,literal,10.1017/S0022149X00033812,literal,550-90-3,literal,CHEMBL459396
6,uri,http://www.wikidata.org/entity/Q14831655,uri,http://www.wikidata.org/entity/Q27105192,literal,Atherosperma moschatum,literal,NGZXDRGWBULKFA-NSOVKSMOSA-N,literal,CN1CCC2=CC(=C3C=C2C1CC4=CC=C(C=C4)OC5=C6C(CC7=CC(=C(C=C7)O)O3)N(CCC6=CC(=C5O)OC)C)OC,literal,581759-1,en,literal,bebeerine,literal,10.1017/S0022149X00033812,literal,477-60-1,,
7,uri,http://www.wikidata.org/entity/Q15541941,uri,http://www.wikidata.org/entity/Q105374331,literal,Nemuaron vieillardii,literal,ZFLRVRLYWHNAEC-UHFFFAOYSA-N,literal,OC1=CC2=C(C=C1OC)C3=C(OC)C(OC)=CC4=C3C(N(C)CC4)C2,literal,582170-1,en,literal,"1,2,10-Trimethoxy-6a-alpha-aporphin-9-ol",literal,10.1071/CH9730455,,,,
8,uri,http://www.wikidata.org/entity/Q14831655,uri,http://www.wikidata.org/entity/Q907355,literal,Atherosperma moschatum,literal,DEXMFYZAHXMZNM-UHFFFAOYSA-N,literal,CN(C)CCC1=CC2=C(C(=C1CC(=O)C3=C(C(=C(C=C3)OC)OC)C(=O)O)OC)OCO2,literal,581759-1,en,literal,narceine,literal,10.1017/S0022149X00033812,literal,131-28-2,literal,CHEMBL486305
9,uri,http://www.wikidata.org/entity/Q14831655,uri,http://www.wikidata.org/entity/Q3639734,literal,Atherosperma moschatum,literal,IYGYMKDQCDOMRE-ZWKOTPCHSA-N,literal,CN1CCC2=CC3=C(C=C2C1C4C5=C(C6=C(C=C5)OCO6)C(=O)O4)OCO3,literal,581759-1,en,literal,bicuculline,literal,10.1017/S0022149X00033812,literal,485-49-4,literal,CHEMBL417990
10,uri,http://www.wikidata.org/entity/Q14831655,uri,http://www.wikidata.org/entity/Q63396633,literal,Atherosperma moschatum,literal,ZYKCETVKVRJFGD-UHFFFAOYSA-N,literal,COC1=C(C2=C3C(=C1)C=CN=C3C(=O)C4=CC(=C(C=C42)OC)OC)OC,literal,581759-1,en,literal,oxoglaucine,literal,10.1071/CH9671403,literal,5574-24-3,,
11,uri,http://www.wikidata.org/entity/Q15541941,uri,http://www.wikidata.org/entity/Q412424,literal,Nemuaron vieillardii,literal,ZMQAAUBTXCXRIC-UHFFFAOYSA-N,literal,C=CCC1=CC2=C(C=C1)OCO2,literal,582170-1,en,literal,safrole,literal,10.1007/BF00630021,literal,94-59-7,literal,CHEMBL242273
12,uri,http://www.wikidata.org/entity/Q15539711,uri,http://www.wikidata.org/entity/Q82926961,literal,Daphnandra dielsii,literal,FBCXFKWMGIWMJQ-UHFFFAOYSA-N,literal,O1C2=CC=C(C=C2)CC3C4=C(OC=5C=C6C(=CC5OC)CCN(C)C6CC7=CC=C(OC)C1=C7)C(OC)=C(OC)C=C4CCN3C,literal,97970-3,en,literal,"6,6',7,12'-Tetramethoxy-2,2'-dimethyloxyacanthan",literal,10.3987/COM-89-4957,literal,26252-04-0,,
13,uri,http://www.wikidata.org/entity/Q15539711,uri,http://www.wikidata.org/entity/Q82926961,literal,Daphnandra dielsii,literal,FBCXFKWMGIWMJQ-UHFFFAOYSA-N,literal,O1C2=CC=C(C=C2)CC3C4=C(OC=5C=C6C(=CC5OC)CCN(C)C6CC7=CC=C(OC)C1=C7)C(OC)=C(OC)C=C4CCN3C,literal,97970-3,en,literal,"6,6',7,12'-Tetramethoxy-2,2'-dimethyloxyacanthan",literal,10.1039/JR9530000692,literal,26252-04-0,,
14,uri,http://www.wikidata.org/entity/Q15540008,uri,http://www.wikidata.org/entity/Q82926961,literal,Daphnandra repandula,literal,FBCXFKWMGIWMJQ-UHFFFAOYSA-N,literal,O1C2=CC=C(C=C2)CC3C4=C(OC=5C=C6C(=CC5OC)CCN(C)C6CC7=CC=C(OC)C1=C7)C(OC)=C(OC)C=C4CCN3C,literal,581861-1,en,literal,"6,6',7,12'-Tetramethoxy-2,2'-dimethyloxyacanthan",literal,10.3987/COM-89-4957,literal,26252-04-0,,
15,uri,http://www.wikidata.org/entity/Q14831655,uri,http://www.wikidata.org/entity/Q5976903,literal,Atherosperma moschatum,literal,MUMCCPUVOAUBAN-UHFFFAOYSA-N,literal,C1OC2=C(O1)C3=C4C(=C2)C=CN=C4C(=O)C5=CC=CC=C53,literal,581759-1,en,literal,liriodenine,literal,10.1071/CH9651997,literal,475-75-2,literal,CHEMBL37736
16,uri,http://www.wikidata.org/entity/Q14831655,uri,http://www.wikidata.org/entity/Q5976903,literal,Atherosperma moschatum,literal,MUMCCPUVOAUBAN-UHFFFAOYSA-N,literal,C1OC2=C(O1)C3=C4C(=C2)C=CN=C4C(=O)C5=CC=CC=C53,literal,581759-1,en,literal,liriodenine,literal,10.1071/CH9671403,literal,475-75-2,literal,CHEMBL37736
17,uri,http://www.wikidata.org/entity/Q14831655,uri,http://www.wikidata.org/entity/Q5976903,literal,Atherosperma moschatum,literal,MUMCCPUVOAUBAN-UHFFFAOYSA-N,literal,C1OC2=C(O1)C3=C4C(=C2)C=CN=C4C(=O)C5=CC=CC=C53,literal,581759-1,en,literal,liriodenine,literal,10.1016/0040-4039(64)83105-1,literal,475-75-2,literal,CHEMBL37736
18,uri,http://www.wikidata.org/entity/Q14831655,uri,http://www.wikidata.org/entity/Q5976903,literal,Atherosperma moschatum,literal,MUMCCPUVOAUBAN-UHFFFAOYSA-N,literal,C1OC2=C(O1)C3=C4C(=C2)C=CN=C4C(=O)C5=CC=CC=C53,literal,581759-1,en,literal,liriodenine,literal,10.1071/CH9560111,literal,475-75-2,literal,CHEMBL37736
19,uri,http://www.wikidata.org/entity/Q14831655,uri,http://www.wikidata.org/entity/Q411461,literal,Atherosperma moschatum,literal,QCHFTSOMWOSFHM-WPRPVWTQSA-N,literal,CCC1C(COC1=O)CC2=CN=CN2C,literal,581759-1,en,literal,pilocarpine,literal,10.1017/S0022149X00033812,literal,92-13-7,literal,CHEMBL550
20,uri,http://www.wikidata.org/entity/Q15539711,uri,http://www.wikidata.org/entity/Q5221745,literal,Daphnandra dielsii,literal,HOIXTKAYCMNVMY-PVOAASPHSA-N,literal,C1=CC(=C(C2=C1C=CC(=O)O2)O)OC3C(C(C(C(O3)CO)O)O)O,literal,97970-3,en,literal,daphnin,literal,10.1071/CH9901129,literal,486-55-5,literal,CHEMBL1879316
21,uri,http://www.wikidata.org/entity/Q15539711,uri,http://www.wikidata.org/entity/Q5221745,literal,Daphnandra dielsii,literal,HOIXTKAYCMNVMY-PVOAASPHSA-N,literal,C1=CC(=C(C2=C1C=CC(=O)O2)O)OC3C(C(C(C(O3)CO)O)O)O,literal,97970-3,en,literal,daphnin,literal,10.1002/CHIN.199349265,literal,486-55-5,literal,CHEMBL1879316
22,uri,http://www.wikidata.org/entity/Q14831655,uri,http://www.wikidata.org/entity/Q2972710,literal,Atherosperma moschatum,literal,KMPWYEUPVWOPIM-QAMTZSDWSA-N,literal,C=CC1CN2CCC1CC2C(C3=CC=NC4=CC=CC=C34)O,literal,581759-1,en,literal,cinchonine,literal,10.1017/S0022149X00033812,literal,118-10-5,,
23,uri,http://www.wikidata.org/entity/Q15540008,uri,http://www.wikidata.org/entity/Q105378041,literal,Daphnandra repandula,literal,ZJPDWMDHODYSGY-DFSMTXOASA-N,literal,O=C1C(OC)=CC2=C3C(N(C)CC2)CC4=CC(OC5=CC=C(C=C5)CC6C7=CC=8OC13COC8C=C7CCN6C)=C9OCOC9=C4,literal,581861-1,en,literal,"(12R,20S,31S)-18-methoxy-13,30-dimethyl-2,5,7,22,39-pentaoxa-13,30-diazanonacyclo[31.2.2.13,10.112,16.120,24.123,27.04,8.026,31.020,40]hentetraconta-1(35),3(41),4(8),9,16(40),17,23,25,27(38),33,36-undecaen-19-one",literal,10.1039/JR9530000692,,,,
24,uri,http://www.wikidata.org/entity/Q14831655,uri,http://www.wikidata.org/entity/Q5063249,literal,Atherosperma moschatum,literal,DTGZHCFJNDAHEN-OZEXIGSWSA-N,literal,CCC1CN2CCC3=CC(=C(C=C3C2CC1CC4C5=CC(=C(C=C5CCN4)O)OC)OC)OC,literal,581759-1,en,literal,cephaeline,literal,10.1017/S0022149X00033812,literal,483-17-0,literal,CHEMBL255708
25,uri,http://www.wikidata.org/entity/Q15539711,uri,http://www.wikidata.org/entity/Q105027866,literal,Daphnandra dielsii,literal,HGNHIFJNOKGSKI-UHFFFAOYSA-N,literal,OC1=CC=C2C=C1OC3=CC=C(C=C3)CC4C5=C(OC=6C=C7C(=CC6OC)CCN(C)C7C2)C(OC)=C(OC)C=C5CCN4C,literal,97970-3,en,literal,Oxycanthine,literal,10.1039/JR9530000692,,,,
26,uri,http://www.wikidata.org/entity/Q15540008,uri,http://www.wikidata.org/entity/Q105027866,literal,Daphnandra repandula,literal,HGNHIFJNOKGSKI-UHFFFAOYSA-N,literal,OC1=CC=C2C=C1OC3=CC=C(C=C3)CC4C5=C(OC=6C=C7C(=CC6OC)CCN(C)C7C2)C(OC)=C(OC)C=C5CCN4C,literal,581861-1,en,literal,Oxycanthine,literal,10.3987/COM-89-4957,,,,
27,uri,http://www.wikidata.org/entity/Q14831655,uri,http://www.wikidata.org/entity/Q412424,literal,Atherosperma moschatum,literal,ZMQAAUBTXCXRIC-UHFFFAOYSA-N,literal,C=CCC1=CC2=C(C=C1)OCO2,literal,581759-1,en,literal,safrole,literal,10.1039/CT9120101612,literal,94-59-7,literal,CHEMBL242273
28,uri,http://www.wikidata.org/entity/Q14831655,uri,http://www.wikidata.org/entity/Q27105191,literal,Atherosperma moschatum,literal,XGEAUXVPBXUBKN-NSOVKSMOSA-N,literal,CN1CCC2=CC(=C3C=C2C1CC4=CC=C(C=C4)OC5=C(C=CC(=C5)CC6C7=C(O3)C(=C(C=C7CCN6C)OC)O)O)OC,literal,581759-1,en,literal,(+)-Atherospermoline,literal,10.1071/CH9682305,literal,21008-67-3,literal,CHEMBL500609
29,uri,http://www.wikidata.org/entity/Q14831655,uri,http://www.wikidata.org/entity/Q3050386,literal,Atherosperma moschatum,literal,AUVVAXYIELKVAI-CKBKHPSWSA-N,literal,CCC1CN2CCC3=CC(=C(C=C3C2CC1CC4C5=CC(=C(C=C5CCN4)OC)OC)OC)OC,literal,581759-1,en,literal,emetine,literal,10.1017/S0022149X00033812,literal,483-18-1,literal,CHEMBL50588
30,uri,http://www.wikidata.org/entity/Q15539711,uri,http://www.wikidata.org/entity/Q111734819,literal,Daphnandra dielsii,literal,UVAQBWNRDSCARL-UHFFFAOYSA-N,literal,O=C1C(OC)=CC2=C3C(N(C)CC2)CC4=CC(OC5=CC=C(C=C5)CC6C7=CC=8OC13COC8C=C7CCN6C)=C(O)C(OC)=C4,literal,97970-3,en,literal,"27-Hydroxy-16,26-dimethoxy-4,21-dimethyl-12,29,37-trioxa-4,21-diazaoctacyclo[28.2.2.17,11.110,14.114,18.124,28.03,8.022,36]octatriaconta-1(32),7(38),8,10,16,18(36),24(35),25,27,30,33-undecaen-15-one",literal,10.3987/COM-89-4957,,,,
31,uri,http://www.wikidata.org/entity/Q15540008,uri,http://www.wikidata.org/entity/Q5221745,literal,Daphnandra repandula,literal,HOIXTKAYCMNVMY-PVOAASPHSA-N,literal,C1=CC(=C(C2=C1C=CC(=O)O2)O)OC3C(C(C(C(O3)CO)O)O)O,literal,581861-1,en,literal,daphnin,literal,10.1039/C39810001007,literal,486-55-5,literal,CHEMBL1879316
32,uri,http://www.wikidata.org/entity/Q14831655,uri,http://www.wikidata.org/entity/Q27107952,literal,Atherosperma moschatum,literal,DZOVBAVEJYPSLL-CFVMTHIKSA-N,literal,CN1C=NC=C1CC2COC(=O)C2C(C3=CC=CC=C3)O,literal,581759-1,en,literal,pilosine,literal,10.1017/S0022149X00033812,literal,13640-28-3,,
33,uri,http://www.wikidata.org/entity/Q15539711,uri,http://www.wikidata.org/entity/Q104395769,literal,Daphnandra dielsii,literal,HGNHIFJNOKGSKI-VMPREFPWSA-N,literal,OC1=CC=C2C=C1OC3=CC=C(C=C3)CC4C5=C(OC=6C=C7C(=CC6OC)CCN(C)C7C2)C(OC)=C(OC)C=C5CCN4C,literal,97970-3,en,literal,Repandine,literal,10.1071/CH9892043,,,,
34,uri,http://www.wikidata.org/entity/Q15539711,uri,http://www.wikidata.org/entity/Q104395769,literal,Daphnandra dielsii,literal,HGNHIFJNOKGSKI-VMPREFPWSA-N,literal,OC1=CC=C2C=C1OC3=CC=C(C=C3)CC4C5=C(OC=6C=C7C(=CC6OC)CCN(C)C7C2)C(OC)=C(OC)C=C5CCN4C,literal,97970-3,en,literal,Repandine,literal,10.3987/COM-89-4957,,,,
35,uri,http://www.wikidata.org/entity/Q15540008,uri,http://www.wikidata.org/entity/Q104395769,literal,Daphnandra repandula,literal,HGNHIFJNOKGSKI-VMPREFPWSA-N,literal,OC1=CC=C2C=C1OC3=CC=C(C=C3)CC4C5=C(OC=6C=C7C(=CC6OC)CCN(C)C7C2)C(OC)=C(OC)C=C5CCN4C,literal,581861-1,en,literal,Repandine,literal,10.1039/JR9530000692,,,,
36,uri,http://www.wikidata.org/entity/Q15540008,uri,http://www.wikidata.org/entity/Q104395769,literal,Daphnandra repandula,literal,HGNHIFJNOKGSKI-VMPREFPWSA-N,literal,OC1=CC=C2C=C1OC3=CC=C(C=C3)CC4C5=C(OC=6C=C7C(=CC6OC)CCN(C)C7C2)C(OC)=C(OC)C=C5CCN4C,literal,581861-1,en,literal,Repandine,literal,10.1039/JR9480002170,,,,
37,uri,http://www.wikidata.org/entity/Q14831655,uri,http://www.wikidata.org/entity/Q288051,literal,Atherosperma moschatum,literal,REJLGAUYTKNVJM-SGXCCWNXSA-N,literal,CC1CCC2(C(C3C(O2)CC4C3(CCC5C4CCC6C5(CCC(C6)OC7C(C(C(C(O7)CO)OC8C(C(C(C(O8)CO)O)OC9C(C(C(CO9)O)O)O)OC2C(C(C(C(O2)CO)O)O)O)O)O)C)C)C)NC1,literal,581759-1,en,literal,tomatine,literal,10.1017/S0022149X00033812,literal,17406-45-0,literal,CHEMBL525778
38,uri,http://www.wikidata.org/entity/Q14831655,uri,http://www.wikidata.org/entity/Q721202,literal,Atherosperma moschatum,literal,FVECELJHCSPHKY-YFUMOZOISA-N,literal,CC1CCC2C(C3(C(CC4(C5CCC6C7(C5(CC4(C3CN2C1)O)OC6(C(CC7)OC(=O)C8=CC(=C(C=C8)OC)OC)O)C)O)O)O)(C)O,literal,581759-1,en,literal,veratridine,literal,10.1017/S0022149X00033812,literal,71-62-5,literal,CHEMBL439496
39,uri,http://www.wikidata.org/entity/Q14831655,uri,http://www.wikidata.org/entity/Q27106973,literal,Atherosperma moschatum,literal,QELDJEKNFOQJOY-ZDUSSCGKSA-N,literal,CN1CCC2=CC(=C(C3=C2C1CC4=C3C(=C(C=C4)OC)O)OC)OC,literal,581759-1,en,literal,isocorydine,literal,10.1071/CH9560111,literal,475-67-2,literal,CHEMBL489525
40,uri,http://www.wikidata.org/entity/Q15539711,uri,http://www.wikidata.org/entity/Q105378042,literal,Daphnandra dielsii,literal,ZJPDWMDHODYSGY-UHFFFAOYSA-N,literal,O=C1C(OC)=CC2=C3C(N(C)CC2)CC4=CC(OC5=CC=C(C=C5)CC6C7=CC=8OC13COC8C=C7CCN6C)=C9OCOC9=C4,literal,97970-3,en,literal,"18-Methoxy-13,30-dimethyl-2,5,7,22,39-pentaoxa-13,30-diazanonacyclo[31.2.2.13,10.112,16.120,24.123,27.04,8.026,31.020,40]hentetraconta-1(35),3(41),4(8),9,16(40),17,23,25,27(38),33,36-undecaen-19-one",literal,10.1039/JR9530000692,,,,
41,uri,http://www.wikidata.org/entity/Q15539711,uri,http://www.wikidata.org/entity/Q105308910,literal,Daphnandra dielsii,literal,WMXQHGKTLWYTGW-UHFFFAOYSA-N,literal,O=C1C=2C=CC=CC2C3=NC(O)=CC(=C13)C,literal,97970-3,en,literal,"2-hydroxy-4-methylindeno[1,2-b]pyridin-5-one",literal,10.1071/CH9892043,,,,
42,uri,http://www.wikidata.org/entity/Q15540008,uri,http://www.wikidata.org/entity/Q105378042,literal,Daphnandra repandula,literal,ZJPDWMDHODYSGY-UHFFFAOYSA-N,literal,O=C1C(OC)=CC2=C3C(N(C)CC2)CC4=CC(OC5=CC=C(C=C5)CC6C7=CC=8OC13COC8C=C7CCN6C)=C9OCOC9=C4,literal,581861-1,en,literal,"18-Methoxy-13,30-dimethyl-2,5,7,22,39-pentaoxa-13,30-diazanonacyclo[31.2.2.13,10.112,16.120,24.123,27.04,8.026,31.020,40]hentetraconta-1(35),3(41),4(8),9,16(40),17,23,25,27(38),33,36-undecaen-19-one",literal,10.3987/COM-89-4957,,,,
43,uri,http://www.wikidata.org/entity/Q14831655,uri,http://www.wikidata.org/entity/Q408883,literal,Atherosperma moschatum,literal,MGSRCZKZVOBKFT-UHFFFAOYSA-N,literal,CC1=CC(=C(C=C1)C(C)C)O,literal,581759-1,en,literal,Thymol,literal,10.1017/S0022149X00033812,literal,89-83-8,literal,CHEMBL29411
44,uri,http://www.wikidata.org/entity/Q15539711,uri,http://www.wikidata.org/entity/Q104395775,literal,Daphnandra dielsii,literal,ZJPDWMDHODYSGY-UBISDZRYSA-N,literal,O=C1C(OC)=CC2=C3C(N(C)CC2)CC4=CC(OC5=CC=C(C=C5)CC6C7=CC=8OC13COC8C=C7CCN6C)=C9OCOC9=C4,literal,97970-3,en,literal,Repanduline,literal,10.1071/CH9892043,,,,
45,uri,http://www.wikidata.org/entity/Q15539711,uri,http://www.wikidata.org/entity/Q104395775,literal,Daphnandra dielsii,literal,ZJPDWMDHODYSGY-UBISDZRYSA-N,literal,O=C1C(OC)=CC2=C3C(N(C)CC2)CC4=CC(OC5=CC=C(C=C5)CC6C7=CC=8OC13COC8C=C7CCN6C)=C9OCOC9=C4,literal,97970-3,en,literal,Repanduline,literal,10.3987/COM-89-4957,,,,
46,uri,http://www.wikidata.org/entity/Q14831655,uri,http://www.wikidata.org/entity/Q4403492,literal,Atherosperma moschatum,literal,MDFQXBNVOAKNAY-BBBLOLIVSA-N,literal,CC(C)C12CC1C(=C)C(C2)O,literal,581759-1,en,literal,(+)-cis-sabinol,literal,10.1017/S0022149X00033812,literal,471-16-9,,
47,uri,http://www.wikidata.org/entity/Q14831655,uri,http://www.wikidata.org/entity/Q76303469,literal,Atherosperma moschatum,literal,SZDGAZFTAUFFQH-RBUKOAKNSA-N,literal,O=C1OC(C2=CC=C3OCOC3=C12)C4C5=CC(OC)=C(OC)C=C5CCN4C,literal,581759-1,en,literal,(+)-corlumine,literal,10.1017/S0022149X00033812,literal,485-51-8,,
48,uri,http://www.wikidata.org/entity/Q14831655,uri,http://www.wikidata.org/entity/Q410107,literal,Atherosperma moschatum,literal,RWGFKTVRMDUZSP-UHFFFAOYSA-N,literal,CC(C)C1=CC=CC=C1,literal,581759-1,en,literal,cumene,literal,10.1017/S0022149X00033812,literal,98-82-8,literal,CHEMBL1398949
49,uri,http://www.wikidata.org/entity/Q14831655,uri,http://www.wikidata.org/entity/Q407418,literal,Atherosperma moschatum,literal,NOOLISFMXDJSKH-KXUCPTDWSA-N,literal,CC1CCC(C(C1)O)C(C)C,literal,581759-1,en,literal,L-menthol,literal,10.1017/S0022149X00033812,literal,2216-51-5,literal,CHEMBL470670
50,uri,http://www.wikidata.org/entity/Q14831655,uri,http://www.wikidata.org/entity/Q419829,literal,Atherosperma moschatum,literal,ZYEMGPIYFIJGTP-UHFFFAOYSA-N,literal,COC1=C(C=C(C=C1)CC=C)OC,literal,581759-1,en,literal,methyl eugenol,literal,10.1039/CT9120101612,literal,93-15-2,literal,CHEMBL108861
51,uri,http://www.wikidata.org/entity/Q15539711,uri,http://www.wikidata.org/entity/Q105262205,literal,Daphnandra dielsii,literal,SVMNNRZZJAFEJM-UHFFFAOYSA-N,literal,O1C2=CC=C(C=C2)CC3C4=C5OC=6C=C7C(=CC6OC5=C(OC)C=C4CCN3C)CCN(C)C7CC8=CC=C(OC)C1=C8,literal,97970-3,en,literal,"6,12'-Dimethoxy-2,2'-dimethyl-6',7-epoxyoxyacanthan",literal,10.3987/COM-89-4957,,,,
52,uri,http://www.wikidata.org/entity/Q14831655,uri,http://www.wikidata.org/entity/Q27256103,literal,Atherosperma moschatum,literal,JVYKIBAJVKEZSQ-YHQUGGNUSA-N,literal,C1CC2C3CC(CN2C(=O)C1)C4CC(CCN4C3)O,literal,581759-1,en,literal,hydroxylupanine,literal,10.1017/S0022149X00033812,literal,15358-48-2,,
53,uri,http://www.wikidata.org/entity/Q14831655,uri,http://www.wikidata.org/entity/Q5159518,literal,Atherosperma moschatum,literal,GPLGAQQQNWMVMM-MYAJQUOBSA-N,literal,CC1C2CCC3C2(CCC4C3CC=C5C4(CCC(C5)N(C)C)C)CN1C,literal,581759-1,en,literal,conessine,literal,10.1017/S0022149X00033812,literal,546-06-5,literal,CHEMBL191703
54,uri,http://www.wikidata.org/entity/Q15539711,uri,http://www.wikidata.org/entity/Q105323959,literal,Daphnandra dielsii,literal,XAJNVBMWCKYWIM-UVHMKAGCSA-N,literal,O=C1C=2OC3=CC4=C(C=CN(C4=CC=5C=CC(OC=6C=C(C=C7OCOC67)CC8=C1C(=CC2OC)CCN8C)=CC5)C)C=C3OC,literal,97970-3,en,literal,"(25E)-32,39-dimethoxy-9,27-dimethyl-2,15,17,20-tetraoxa-27-aza-9-azoniaoctacyclo[24.6.2.23,6.221,24.112,19.05,10.014,18.030,34]nonatriaconta-1(32),3(39),4,6(38),9,12,14(18),19(37),21,23,25,28,30,33,35-pentadecaen-4-olate",literal,10.1071/CH9901129,,,,
55,uri,http://www.wikidata.org/entity/Q14831655,uri,http://www.wikidata.org/entity/Q82033095,literal,Atherosperma moschatum,literal,CCVOLLCITTYDJG-UHFFFAOYSA-N,literal,CN(C)CCC1=C2C=CC3=CC=CC=C3C2=C(C(=C1OC)OC)OC,literal,581759-1,en,literal,"n,n-Dimethyl-2-(2,3,4-trimethoxyphenanthren-1-yl)ethanamine",literal,10.1071/CH9651997,literal,5635-94-9,,
56,uri,http://www.wikidata.org/entity/Q15540008,uri,http://www.wikidata.org/entity/Q105323959,literal,Daphnandra repandula,literal,XAJNVBMWCKYWIM-UVHMKAGCSA-N,literal,O=C1C=2OC3=CC4=C(C=CN(C4=CC=5C=CC(OC=6C=C(C=C7OCOC67)CC8=C1C(=CC2OC)CCN8C)=CC5)C)C=C3OC,literal,581861-1,en,literal,"(25E)-32,39-dimethoxy-9,27-dimethyl-2,15,17,20-tetraoxa-27-aza-9-azoniaoctacyclo[24.6.2.23,6.221,24.112,19.05,10.014,18.030,34]nonatriaconta-1(32),3(39),4,6(38),9,12,14(18),19(37),21,23,25,28,30,33,35-pentadecaen-4-olate",literal,10.1039/C39810001007,,,,
57,uri,http://www.wikidata.org/entity/Q15539711,uri,http://www.wikidata.org/entity/Q105014716,literal,Daphnandra dielsii,literal,GOYCVNCWKXBQBF-UHFFFAOYSA-N,literal,OC1=CC=C2C=C1OC3=CC=C(C=C3)CC4C5=C6OC=7C=C8C(=CC7OC6=C(OC)C=C5CCN4C)CCN(C)C8C2,literal,97970-3,en,literal,"27-Methoxy-7,22-dimethyl-15,29,31-trioxa-7,22-diazaoctacyclo[19.9.3.216,19.14,30.110,14.03,8.025,33.028,32]heptatriaconta-1(30),2,4(34),10(37),11,13,16,18,25,27,32,35-dodecaen-13-ol",literal,10.1071/CH9782077,,,,
58,uri,http://www.wikidata.org/entity/Q15539711,uri,http://www.wikidata.org/entity/Q105014716,literal,Daphnandra dielsii,literal,GOYCVNCWKXBQBF-UHFFFAOYSA-N,literal,OC1=CC=C2C=C1OC3=CC=C(C=C3)CC4C5=C6OC=7C=C8C(=CC7OC6=C(OC)C=C5CCN4C)CCN(C)C8C2,literal,97970-3,en,literal,"27-Methoxy-7,22-dimethyl-15,29,31-trioxa-7,22-diazaoctacyclo[19.9.3.216,19.14,30.110,14.03,8.025,33.028,32]heptatriaconta-1(30),2,4(34),10(37),11,13,16,18,25,27,32,35-dodecaen-13-ol",literal,10.3987/COM-89-4957,,,,
59,uri,http://www.wikidata.org/entity/Q15539711,uri,http://www.wikidata.org/entity/Q104395777,literal,Daphnandra dielsii,literal,TUDMQHCIVDDCMY-IEUXKMPTSA-N,literal,O=C1C(OC)=CC2=C3C(N(C)CC2)CC4=CC=C(OC)C(OC5=CC=C(C=C5)CC6C7=CC=8OC13COC8C=C7CCN6C)=C4,literal,97970-3,en,literal,Pseudorepanduline,literal,10.1071/CH9892043,,,,
60,uri,http://www.wikidata.org/entity/Q15539711,uri,http://www.wikidata.org/entity/Q104395777,literal,Daphnandra dielsii,literal,TUDMQHCIVDDCMY-IEUXKMPTSA-N,literal,O=C1C(OC)=CC2=C3C(N(C)CC2)CC4=CC=C(OC)C(OC5=CC=C(C=C5)CC6C7=CC=8OC13COC8C=C7CCN6C)=C4,literal,97970-3,en,literal,Pseudorepanduline,literal,10.3987/COM-89-4957,,,,
61,uri,http://www.wikidata.org/entity/Q15539711,uri,http://www.wikidata.org/entity/Q104395777,literal,Daphnandra dielsii,literal,TUDMQHCIVDDCMY-IEUXKMPTSA-N,literal,O=C1C(OC)=CC2=C3C(N(C)CC2)CC4=CC=C(OC)C(OC5=CC=C(C=C5)CC6C7=CC=8OC13COC8C=C7CCN6C)=C4,literal,97970-3,en,literal,Pseudorepanduline,literal,10.1016/S0040-4039(00)72681-5,,,,
62,uri,http://www.wikidata.org/entity/Q14831655,uri,http://www.wikidata.org/entity/Q27103894,literal,Atherosperma moschatum,literal,MDFFNDBAEOHIDY-UHFFFAOYSA-N,literal,COC1=C2C(=C3C4=CC=CC=C4C(=O)C5=NC=CC1=C35)OCO2,literal,581759-1,en,literal,atherospermidine,literal,10.1071/CH9651997,literal,3912-57-0,,
63,uri,http://www.wikidata.org/entity/Q14831655,uri,http://www.wikidata.org/entity/Q27103894,literal,Atherosperma moschatum,literal,MDFFNDBAEOHIDY-UHFFFAOYSA-N,literal,COC1=C2C(=C3C4=CC=CC=C4C(=O)C5=NC=CC1=C35)OCO2,literal,581759-1,en,literal,atherospermidine,literal,10.1071/CH9671403,literal,3912-57-0,,
64,uri,http://www.wikidata.org/entity/Q14831655,uri,http://www.wikidata.org/entity/Q27103894,literal,Atherosperma moschatum,literal,MDFFNDBAEOHIDY-UHFFFAOYSA-N,literal,COC1=C2C(=C3C4=CC=CC=C4C(=O)C5=NC=CC1=C35)OCO2,literal,581759-1,en,literal,atherospermidine,literal,10.1071/CH9560111,literal,3912-57-0,,
65,uri,http://www.wikidata.org/entity/Q14831655,uri,http://www.wikidata.org/entity/Q5397651,literal,Atherosperma moschatum,literal,HKGWQUVGHPDEBZ-OLZOCXBDSA-N,literal,CC12CCN(C1N(C3=C2C=C(C=C3)O)C)C,literal,581759-1,en,literal,eseroline,literal,10.1017/S0022149X00033812,literal,469-22-7,literal,CHEMBL310934
66,uri,http://www.wikidata.org/entity/Q15540479,uri,http://www.wikidata.org/entity/Q82948602,literal,Doryphora aromatica,literal,LFFQVHXIFJLJSP-UHFFFAOYSA-N,literal,OC1=CC=C2C=C1OC3=CC=C(C=C3)CC4C5=C(OC=6C=C7C(=CC6OC)CCN(C)C7C2)C(O)=C(OC)C=C5CCN4C,literal,581867-1,en,literal,"6,6'-Dimethoxy-2,2'-dimethyloxyacanthan-7,12'-diol",literal,10.1039/JR9600004928,literal,519-53-9,,
67,uri,http://www.wikidata.org/entity/Q14831655,uri,http://www.wikidata.org/entity/Q4891024,literal,Atherosperma moschatum,literal,DFOCUWZXJBAUSQ-URLMMPGGSA-N,literal,CN1CCC2=CC(=C3C=C2C1CC4=CC=C(C=C4)OC5=C(C=CC(=C5)CC6C7=C(O3)C(=C(C=C7CCN6C)OC)OC)O)OC,literal,581759-1,en,literal,berbamine,literal,10.1071/CH9560111,literal,478-61-5,literal,CHEMBL504323
68,uri,http://www.wikidata.org/entity/Q14831655,uri,http://www.wikidata.org/entity/Q416800,literal,Atherosperma moschatum,literal,ULDHMXUKGWMISQ-UHFFFAOYSA-N,literal,CC1=CCC(CC1=O)C(=C)C,literal,581759-1,en,literal,(±)-carvone,literal,10.1017/S0022149X00033812,literal,99-49-0,literal,CHEMBL15676
69,uri,http://www.wikidata.org/entity/Q15541941,uri,http://www.wikidata.org/entity/Q423357,literal,Nemuaron vieillardii,literal,RRAFCDWBNXTKKO-UHFFFAOYSA-N,literal,COC1=C(C=CC(=C1)CC=C)O,literal,582170-1,en,literal,eugenol,literal,10.1007/BF00630021,literal,97-53-0,literal,CHEMBL42710
70,uri,http://www.wikidata.org/entity/Q15539711,uri,http://www.wikidata.org/entity/Q104395773,literal,Daphnandra dielsii,literal,MQYITJVXEOIJRY-UHFFFAOYSA-N,literal,OC1=C(OC)C=C2C3=C1OC=4C=C5C(=CC4OC)CCN(C)C5CC6=CC=C(OC=7C=C(C=C8OCOC78)CC3N(C)CC2)C=C6,literal,97970-3,en,literal,(-)-Nortenuipine,literal,10.1071/CH9892043,,,,
71,uri,http://www.wikidata.org/entity/Q15539711,uri,http://www.wikidata.org/entity/Q104395773,literal,Daphnandra dielsii,literal,MQYITJVXEOIJRY-UHFFFAOYSA-N,literal,OC1=C(OC)C=C2C3=C1OC=4C=C5C(=CC4OC)CCN(C)C5CC6=CC=C(OC=7C=C(C=C8OCOC78)CC3N(C)CC2)C=C6,literal,97970-3,en,literal,(-)-Nortenuipine,literal,10.3987/COM-89-4957,,,,
72,uri,http://www.wikidata.org/entity/Q15539711,uri,http://www.wikidata.org/entity/Q83065915,literal,Daphnandra dielsii,literal,FBCXFKWMGIWMJQ-KYJUHHDHSA-N,literal,O1C2=CC=C(C=C2)CC3C4=C(OC=5C=C6C(=CC5OC)CCN(C)C6CC7=CC=C(OC)C1=C7)C(OC)=C(OC)C=C4CCN3C,literal,97970-3,en,literal,"Oxyacanthan, 6,6',7,12'-tetramethoxy-2,2'-dimethyl-, (1'alpha)-",literal,10.1071/CH9892043,literal,4021-17-4,,
73,uri,http://www.wikidata.org/entity/Q15540008,uri,http://www.wikidata.org/entity/Q83065915,literal,Daphnandra repandula,literal,FBCXFKWMGIWMJQ-KYJUHHDHSA-N,literal,O1C2=CC=C(C=C2)CC3C4=C(OC=5C=C6C(=CC5OC)CCN(C)C6CC7=CC=C(OC)C1=C7)C(OC)=C(OC)C=C4CCN3C,literal,581861-1,en,literal,"Oxyacanthan, 6,6',7,12'-tetramethoxy-2,2'-dimethyl-, (1'alpha)-",literal,10.1039/JR9530000692,literal,4021-17-4,,
74,uri,http://www.wikidata.org/entity/Q14831655,uri,http://www.wikidata.org/entity/Q83072319,literal,Atherosperma moschatum,literal,WXGQWNXTPSGPIX-UHFFFAOYSA-N,literal,COC1=C(C(=C2C3=CC=CC=C3C(=O)C4=NC=CC1=C24)OC)OC,literal,581759-1,en,literal,"7H-Dibenzo(de,g)quinolin-7-one, 1,2,3-trimethoxy-",literal,10.1071/CH9671403,literal,5140-38-5,,
75,uri,http://www.wikidata.org/entity/Q14831655,uri,http://www.wikidata.org/entity/Q82953882,literal,Atherosperma moschatum,literal,UZZFAUDNCIFFPM-UHFFFAOYSA-N,literal,CN(C)CCC1=CC(=C(C2=C1C=CC3=CC=CC=C32)OC)OC,literal,581759-1,en,literal,Atherosperminine,literal,10.1071/CH9651997,literal,5531-98-6,,
76,uri,http://www.wikidata.org/entity/Q14831655,uri,http://www.wikidata.org/entity/Q82953882,literal,Atherosperma moschatum,literal,UZZFAUDNCIFFPM-UHFFFAOYSA-N,literal,CN(C)CCC1=CC(=C(C2=C1C=CC3=CC=CC=C32)OC)OC,literal,581759-1,en,literal,Atherosperminine,literal,10.1071/CH9560111,literal,5531-98-6,,
77,uri,http://www.wikidata.org/entity/Q14831655,uri,http://www.wikidata.org/entity/Q27105876,literal,Atherosperma moschatum,literal,VITQCDLNBVTCJS-UHFFFAOYSA-N,literal,COC=1C=C2C(=CC1O)C(C=3C=4C(C=CN3)=CC(=C(C24)OC)OC)=O,literal,581759-1,en,literal,Atheroline,literal,10.1071/CH9671403,literal,5140-35-2,,
78,uri,http://www.wikidata.org/entity/Q15539711,uri,http://www.wikidata.org/entity/Q76085489,literal,Daphnandra dielsii,literal,LFFQVHXIFJLJSP-IZLXSDGUSA-N,literal,OC1=CC=C2C=C1OC3=CC=C(C=C3)CC4C5=C(OC=6C=C7C(=CC6OC)CCN(C)C7C2)C(O)=C(OC)C=C5CCN4C,literal,97970-3,en,literal,"(1R,14S)-20,25-dimethoxy-15,30-dimethyl-8,23-dioxa-15,30-diazaheptacyclo[22.6.2.29,12.13,7.114,18.027,31.022,33]hexatriaconta-3(36),4,6,9(35),10,12(34),18,20,22(33),24,26,31-dodecaene-6,21-diol",literal,10.3987/COM-89-4957,literal,519-53-9,,
79,uri,http://www.wikidata.org/entity/Q14831655,uri,http://www.wikidata.org/entity/Q410374,literal,Atherosperma moschatum,literal,XQYZDYMELSJDRZ-UHFFFAOYSA-N,literal,COC1=C(C=C(C=C1)CC2=NC=CC3=CC(=C(C=C32)OC)OC)OC,literal,581759-1,en,literal,papaverine,literal,10.1017/S0022149X00033812,literal,58-74-2,literal,CHEMBL19224
80,uri,http://www.wikidata.org/entity/Q15541941,uri,http://www.wikidata.org/entity/Q181559,literal,Nemuaron vieillardii,literal,DSSYKIVIOFKYAU-UHFFFAOYSA-N,literal,CC1(C2CCC1(C(=O)C2)C)C,literal,582170-1,en,literal,camphor,literal,10.1007/BF00630021,literal,76-22-2,literal,CHEMBL15768
81,uri,http://www.wikidata.org/entity/Q14831655,uri,http://www.wikidata.org/entity/Q76084819,literal,Atherosperma moschatum,literal,JZUTXVTYJDCMDU-MOPGFXCFSA-N,literal,CN1CCC2=CC3=C(C=C2C1C4C5=C(C(=C(C=C5)OC)OC)C(=O)O4)OCO3,literal,581759-1,en,literal,L-hydrastine,literal,10.1017/S0022149X00033812,literal,118-08-1,,
82,uri,http://www.wikidata.org/entity/Q15541085,uri,http://www.wikidata.org/entity/Q27289154,literal,Dryadodaphne novoguineensis,literal,GVVXPMORGFYVOO-ZDUSSCGKSA-N,literal,COC1=C(C2=C3C(CC4=CC(=C(C=C42)OC)O)NCCC3=C1)OC,literal,464348-1,en,literal,laurotetanine,literal,10.1039/J39690001627,literal,128-76-7,literal,CHEMBL464098
83,uri,http://www.wikidata.org/entity/Q1002397,uri,http://www.wikidata.org/entity/Q82910882,literal,Laurelia sempervirens,literal,JWXKBCGJLCEZTJ-UHFFFAOYSA-N,literal,O(C=1C=C2C3=C(C1OC)C4=CC=5OCOC5C=C4CC3NCC2)C,literal,1177892-2,en,literal,Nornantenine,literal,10.1016/0031-9422(82)83185-3,literal,15401-66-8,,
84,uri,http://www.wikidata.org/entity/Q5221586,uri,http://www.wikidata.org/entity/Q82948602,literal,Daphnandra micrantha,literal,LFFQVHXIFJLJSP-UHFFFAOYSA-N,literal,OC1=CC=C2C=C1OC3=CC=C(C=C3)CC4C5=C(OC=6C=C7C(=CC6OC)CCN(C)C7C2)C(O)=C(OC)C=C5CCN4C,literal,581858-1,en,literal,"6,6'-Dimethoxy-2,2'-dimethyloxyacanthan-7,12'-diol",literal,10.1039/JR9600004928,literal,519-53-9,,
85,uri,http://www.wikidata.org/entity/Q4166636,uri,http://www.wikidata.org/entity/Q907355,literal,Doryphora sassafras,literal,DEXMFYZAHXMZNM-UHFFFAOYSA-N,literal,CN(C)CCC1=CC2=C(C(=C1CC(=O)C3=C(C(=C(C=C3)OC)OC)C(=O)O)OC)OCO2,literal,581869-1,en,literal,narceine,literal,10.1017/S0022149X00033812,literal,131-28-2,literal,CHEMBL486305
86,uri,http://www.wikidata.org/entity/Q4166636,uri,http://www.wikidata.org/entity/Q76303469,literal,Doryphora sassafras,literal,SZDGAZFTAUFFQH-RBUKOAKNSA-N,literal,O=C1OC(C2=CC=C3OCOC3=C12)C4C5=CC(OC)=C(OC)C=C5CCN4C,literal,581869-1,en,literal,(+)-corlumine,literal,10.1017/S0022149X00033812,literal,485-51-8,,
87,uri,http://www.wikidata.org/entity/Q1005204,uri,http://www.wikidata.org/entity/Q83053159,literal,Laurelia novae-zelandiae,literal,BHFUORVSBHCRKK-UHFFFAOYSA-N,literal,O=C1C2=NC=CC3=CC=4OCOC4C(C=5C=C(OC)C=CC15)=C23,literal,581994-1,en,literal,Lauterine,literal,10.1021/NP50033A032,literal,28200-65-9,,
88,uri,http://www.wikidata.org/entity/Q4166636,uri,http://www.wikidata.org/entity/Q76084819,literal,Doryphora sassafras,literal,JZUTXVTYJDCMDU-MOPGFXCFSA-N,literal,CN1CCC2=CC3=C(C=C2C1C4C5=C(C(=C(C=C5)OC)OC)C(=O)O4)OCO3,literal,581869-1,en,literal,L-hydrastine,literal,10.1017/S0022149X00033812,literal,118-08-1,,
89,uri,http://www.wikidata.org/entity/Q9020866,uri,http://www.wikidata.org/entity/Q83052047,literal,Laureliopsis philippian,literal,HVMMFGYMZZVURQ-LBPRGKRZSA-N,literal,OC1=C(OC)C=C2C3=C1C4=C(OC)C(OC)=CC=C4CC3NCC2,literal,912748-1,en,literal,Norcorydine,literal,10.1016/0031-9422(82)83185-3,literal,26931-78-2,,
90,uri,http://www.wikidata.org/entity/Q1002397,uri,http://www.wikidata.org/entity/Q105299983,literal,Laurelia sempervirens,literal,VZTUKBKUWSHDFM-UHFFFAOYSA-N,literal,O1C=2C=C3C4=C(C2OC1)C5=CC=CC=C5CC4NCC3,literal,1177892-2,en,literal,"1,2-Methylenedioxynoraporphine",literal,10.1016/0031-9422(82)83185-3,,,,
91,uri,http://www.wikidata.org/entity/Q4166636,uri,http://www.wikidata.org/entity/Q2972710,literal,Doryphora sassafras,literal,KMPWYEUPVWOPIM-QAMTZSDWSA-N,literal,C=CC1CN2CCC1CC2C(C3=CC=NC4=CC=CC=C34)O,literal,581869-1,en,literal,cinchonine,literal,10.1017/S0022149X00033812,literal,118-10-5,,
92,uri,http://www.wikidata.org/entity/Q1002397,uri,http://www.wikidata.org/entity/Q104402141,literal,Laurelia sempervirens,literal,IIQSJHUEZBTSAT-URLMMPGGSA-N,literal,OC1=C(OC)C=C2C3=C1OC=4C=C5C(=CC4OC)CCN(C)C5CC6=CC=C(OC7=CC(=CC=C7OC)CC3N(C)CC2)C=C6,literal,1177892-2,en,literal,Thalrugosine,literal,10.1021/NP50040A035,,,,
93,uri,http://www.wikidata.org/entity/Q9020866,uri,http://www.wikidata.org/entity/Q105310332,literal,Laureliopsis philippian,literal,WQBWUPDWIMCJGI-CBDLDADJSA-N,literal,O1C=2C=CC(=CC2)C=C3C4=CC=5OC=6C(OC5C=C4CCN3C)=C(OC)C=C7C6C(N(C)CC7)CC8=CC=C(OC)C1=C8,literal,912748-1,en,literal,"(8E,21R)-16,27-dimethoxy-7,22-dimethyl-14,29,31-trioxa-7,22-diazaoctacyclo[19.9.3.210,13.14,30.115,19.03,8.025,33.028,32]heptatriaconta-1(30),2,4(34),8,10(37),11,13(36),15,17,19(35),25,27,32-tridecaene",literal,10.1016/J.FITOTE.2008.11.002,,,,
94,uri,http://www.wikidata.org/entity/Q5221584,uri,http://www.wikidata.org/entity/Q105014716,literal,Daphnandra johnsonii,literal,GOYCVNCWKXBQBF-UHFFFAOYSA-N,literal,OC1=CC=C2C=C1OC3=CC=C(C=C3)CC4C5=C6OC=7C=C8C(=CC7OC6=C(OC)C=C5CCN4C)CCN(C)C8C2,literal,77081983-1,en,literal,"27-Methoxy-7,22-dimethyl-15,29,31-trioxa-7,22-diazaoctacyclo[19.9.3.216,19.14,30.110,14.03,8.025,33.028,32]heptatriaconta-1(30),2,4(34),10(37),11,13,16,18,25,27,32,35-dodecaen-13-ol",literal,10.3987/COM-89-4957,,,,
95,uri,http://www.wikidata.org/entity/Q5221582,uri,http://www.wikidata.org/entity/Q104981897,literal,Daphnandra apatela,literal,DJAWTLHBPPQMPV-SXOMAYOGSA-N,literal,O1C2=CC=C(C=C2)CC3C4=C5OC=6C=C7C(=CC6OC5=C(OC)C=C4CCN3C)CCNC7CC8=CC=C(OC)C1=C8,literal,77081981-1,en,literal,"(8R,21S)-13,27-dimethoxy-22-methyl-15,29,31-trioxa-7,22-diazaoctacyclo[19.9.3.216,19.14,30.110,14.03,8.025,33.028,32]heptatriaconta-1(30),2,4(34),10(37),11,13,16,18,25,27,32,35-dodecaene",literal,10.1071/CH9782077,,,,
96,uri,http://www.wikidata.org/entity/Q4166636,uri,http://www.wikidata.org/entity/Q412226,literal,Doryphora sassafras,literal,BLGXFZZNTVWLAY-SCYLSFHTSA-N,literal,COC(=O)C1C(CCC2C1CC3C4=C(CCN3C2)C5=CC=CC=C5N4)O,literal,581869-1,en,literal,yohimbine,literal,10.1017/S0022149X00033812,literal,146-48-5,literal,CHEMBL15245
97,uri,http://www.wikidata.org/entity/Q14831655,uri,http://www.wikidata.org/entity/Q125026429,literal,Atherosperma moschatum,literal,AFJZQEZDVOCYIX-UHFFFAOYSA-N,literal,O=C(OC1=CC=2C(=O)C3=NC=CC4=CC(OC)=C(OC)C(C2C=C1OC)=C34)C,literal,581759-1,en,literal,atherospermidine,literal,10.1071/CH9671403,,,,
98,uri,http://www.wikidata.org/entity/Q14831655,uri,http://www.wikidata.org/entity/Q125026430,literal,Atherosperma moschatum,literal,SUVIIYLNGLFASD-UHFFFAOYSA-N,literal,O=C1C2=NC=CC3=CC(OC)=C(OC)C(C=4C=C(OC)C(OCC)=CC14)=C23,literal,581759-1,en,literal,O-methylmoschatoline,literal,10.1071/CH9671403,,,,
99,uri,http://www.wikidata.org/entity/Q1002397,uri,http://www.wikidata.org/entity/Q105240737,literal,Laurelia sempervirens,literal,RMEYIAJCROYLDU-LJAQVGFWSA-N,literal,O=CC1=CC=C(OC2=CC(=CC=C2OC)CC3C4=C(OC=5C=C6C(=O)N(C)CCC6=CC5OC)C(OC)=C(OC)C=C4CCN3C)C=C1,literal,1177892-2,en,literal,10-Demethoxycuracautine,literal,10.1016/0031-9422(95)00608-7,,,,
100,uri,http://www.wikidata.org/entity/Q4166636,uri,http://www.wikidata.org/entity/Q423515,literal,Doryphora sassafras,literal,HJJPJSXJAXAIPN-UHFFFAOYSA-N,literal,CN1CCC=C(C1)C(=O)OC,literal,581869-1,en,literal,arecoline,literal,10.1017/S0022149X00033812,literal,63-75-2,literal,CHEMBL7303
101,uri,http://www.wikidata.org/entity/Q1002397,uri,http://www.wikidata.org/entity/Q104390670,literal,Laurelia sempervirens,literal,IIQSJHUEZBTSAT-WDYNHAJCSA-N,literal,OC1=C(OC)C=C2C3=C1OC=4C=C5C(=CC4OC)CCN(C)C5CC6=CC=C(OC7=CC(=CC=C7OC)CC3N(C)CC2)C=C6,literal,1177892-2,en,literal,CID 5458555,literal,10.1021/NP50040A035,,,,
102,uri,http://www.wikidata.org/entity/Q4166636,uri,http://www.wikidata.org/entity/Q27107952,literal,Doryphora sassafras,literal,DZOVBAVEJYPSLL-CFVMTHIKSA-N,literal,CN1C=NC=C1CC2COC(=O)C2C(C3=CC=CC=C3)O,literal,581869-1,en,literal,pilosine,literal,10.1017/S0022149X00033812,literal,13640-28-3,,
103,uri,http://www.wikidata.org/entity/Q1005204,uri,http://www.wikidata.org/entity/Q105260038,literal,Laurelia novae-zelandiae,literal,SSYRKFOBOISIEN-MRXNPFEDSA-N,literal,O(C1=CC=C(C=C1OC)CC2C3=CC=4OCOC4C=C3CCN2C)C,literal,581994-1,en,literal,"1,3-Dioxolo[4,5-g]isoquinoline, 5-[(3,4-dimethoxyphenyl)methyl]-5,6,7,8-tetrahydro-6-methyl-, (R)-",literal,10.1016/0031-9422(82)83185-3,,,,
104,uri,http://www.wikidata.org/entity/Q1005204,uri,http://www.wikidata.org/entity/Q105260038,literal,Laurelia novae-zelandiae,literal,SSYRKFOBOISIEN-MRXNPFEDSA-N,literal,O(C1=CC=C(C=C1OC)CC2C3=CC=4OCOC4C=C3CCN2C)C,literal,581994-1,en,literal,"1,3-Dioxolo[4,5-g]isoquinoline, 5-[(3,4-dimethoxyphenyl)methyl]-5,6,7,8-tetrahydro-6-methyl-, (R)-",literal,10.1021/NP50033A032,,,,
105,uri,http://www.wikidata.org/entity/Q4166636,uri,http://www.wikidata.org/entity/Q27103558,literal,Doryphora sassafras,literal,JYIJIIVLEOETIQ-XDQVBPFNSA-N,literal,C1CCN2CC3CC(C2C1)CN4C3CCCC4=O,literal,581869-1,en,literal,lupanine,literal,10.1017/S0022149X00033812,literal,550-90-3,literal,CHEMBL459396
106,uri,http://www.wikidata.org/entity/Q5221584,uri,http://www.wikidata.org/entity/Q105170342,literal,Daphnandra johnsonii,literal,MQYITJVXEOIJRY-NSOVKSMOSA-N,literal,OC1=C(OC)C=C2C3=C1OC=4C=C5C(=CC4OC)CCN(C)C5CC6=CC=C(OC=7C=C(C=C8OCOC78)CC3N(C)CC2)C=C6,literal,77081983-1,en,literal,"(1S,17S)-23,28-dimethoxy-18,33-dimethyl-7,10,12,26-tetraoxa-18,33-diazaoctacyclo[25.6.2.23,6.18,15.117,21.09,13.030,34.025,36]nonatriaconta-3(39),4,6(38),8(37),9(13),14,21,23,25(36),27,29,34-dodecaen-24-ol",literal,10.1071/CH9782539,,,,
107,uri,http://www.wikidata.org/entity/Q4166636,uri,http://www.wikidata.org/entity/Q3639734,literal,Doryphora sassafras,literal,IYGYMKDQCDOMRE-ZWKOTPCHSA-N,literal,CN1CCC2=CC3=C(C=C2C1C4C5=C(C6=C(C=C5)OCO6)C(=O)O4)OCO3,literal,581869-1,en,literal,bicuculline,literal,10.1017/S0022149X00033812,literal,485-49-4,literal,CHEMBL417990
108,uri,http://www.wikidata.org/entity/Q1002397,uri,http://www.wikidata.org/entity/Q412424,literal,Laurelia sempervirens,literal,ZMQAAUBTXCXRIC-UHFFFAOYSA-N,literal,C=CCC1=CC2=C(C=C1)OCO2,literal,1177892-2,en,literal,safrole,literal,10.1002/ANGE.19290424104,literal,94-59-7,literal,CHEMBL242273
109,uri,http://www.wikidata.org/entity/Q4166636,uri,http://www.wikidata.org/entity/Q5976903,literal,Doryphora sassafras,literal,MUMCCPUVOAUBAN-UHFFFAOYSA-N,literal,C1OC2=C(O1)C3=C4C(=C2)C=CN=C4C(=O)C5=CC=CC=C53,literal,581869-1,en,literal,liriodenine,literal,10.2307/4117899,literal,475-75-2,literal,CHEMBL37736
110,uri,http://www.wikidata.org/entity/Q9020866,uri,http://www.wikidata.org/entity/Q104999645,literal,Laureliopsis philippian,literal,FQGXOUZHUXOCIV-CHWSQXEVSA-N,literal,OC1C2=CC(OC)=C(OC)C=3C4=CC=5OCOC5C=C4CC(NC1)C32,literal,912748-1,en,literal,"(12R,15S)-18,19-dimethoxy-5,7-dioxa-13-azapentacyclo[10.7.1.02,10.04,8.016,20]icosa-1(20),2,4(8),9,16,18-hexaen-15-ol",literal,10.1016/0031-9422(82)83185-3,,,,
111,uri,http://www.wikidata.org/entity/Q4166636,uri,http://www.wikidata.org/entity/Q411461,literal,Doryphora sassafras,literal,QCHFTSOMWOSFHM-WPRPVWTQSA-N,literal,CCC1C(COC1=O)CC2=CN=CN2C,literal,581869-1,en,literal,pilocarpine,literal,10.1017/S0022149X00033812,literal,92-13-7,literal,CHEMBL550
112,uri,http://www.wikidata.org/entity/Q1002397,uri,http://www.wikidata.org/entity/Q104667286,literal,Laurelia sempervirens,literal,BHLYRWXGMIUIHG-UHFFFAOYSA-N,literal,OC1=CC(=CC=C1OC)CC2C3=CC(O)=C(OC)C=C3CCN2C,literal,1177892-2,en,literal,reticuline,literal,10.1016/0031-9422(82)83185-3,,,,
113,uri,http://www.wikidata.org/entity/Q14831655,uri,http://www.wikidata.org/entity/Q2095629,literal,Atherosperma moschatum,literal,GRWFGVWFFZKLTI-RKDXNWHRSA-N,literal,CC1=CCC2CC1C2(C)C,literal,581759-1,en,literal,(+)-α-pinene,literal,10.1039/CT9120101612,literal,7785-70-8,literal,CHEMBL1236329
114,uri,http://www.wikidata.org/entity/Q1005204,uri,http://www.wikidata.org/entity/Q27273782,literal,Laurelia novae-zelandiae,literal,CXHXSNCRZOIVQW-OAHLLOKOSA-N,literal,CN1CCC2=CC3=C(C4=C2C1CC5=C4C=C(C=C5)OC)OCO3,literal,581994-1,en,literal,laureline,literal,10.1016/0031-9422(82)83185-3,literal,81-38-9,,
115,uri,http://www.wikidata.org/entity/Q1005204,uri,http://www.wikidata.org/entity/Q5976903,literal,Laurelia novae-zelandiae,literal,MUMCCPUVOAUBAN-UHFFFAOYSA-N,literal,C1OC2=C(O1)C3=C4C(=C2)C=CN=C4C(=O)C5=CC=CC=C53,literal,581994-1,en,literal,liriodenine,literal,10.1021/NP50033A032,literal,475-75-2,literal,CHEMBL37736
116,uri,http://www.wikidata.org/entity/Q1002397,uri,http://www.wikidata.org/entity/Q27289154,literal,Laurelia sempervirens,literal,GVVXPMORGFYVOO-ZDUSSCGKSA-N,literal,COC1=C(C2=C3C(CC4=CC(=C(C=C42)OC)O)NCCC3=C1)OC,literal,1177892-2,en,literal,laurotetanine,literal,10.1016/0031-9422(95)00608-7,literal,128-76-7,literal,CHEMBL464098
117,uri,http://www.wikidata.org/entity/Q4166636,uri,http://www.wikidata.org/entity/Q5063249,literal,Doryphora sassafras,literal,DTGZHCFJNDAHEN-OZEXIGSWSA-N,literal,CCC1CN2CCC3=CC(=C(C=C3C2CC1CC4C5=CC(=C(C=C5CCN4)O)OC)OC)OC,literal,581869-1,en,literal,cephaeline,literal,10.1017/S0022149X00033812,literal,483-17-0,literal,CHEMBL255708
118,uri,http://www.wikidata.org/entity/Q1005204,uri,http://www.wikidata.org/entity/Q104398862,literal,Laurelia novae-zelandiae,literal,LENYISKFJJQKGE-UHFFFAOYSA-N,literal,O=C1C2=NC=CC3=CC=4OCOC4C(C=5C(OC)=CC=CC15)=C23,literal,581994-1,en,literal,"12-methoxy-8H-benzo[g][1,3]benzodioxolo[6,5,4-de]quinolin-8-one",literal,10.1016/0031-9422(82)83185-3,,,,
119,uri,http://www.wikidata.org/entity/Q4166636,uri,http://www.wikidata.org/entity/Q125026915,literal,Doryphora sassafras,literal,JTDBVAYGXJVBEC-NSLQXCKESA-N,literal,O=C(O)C=CC=C(C=CCCCCCCC)COC(=O)C,literal,581869-1,en,literal,cycloartenol,literal,10.1017/S0022149X00033812,,,,
120,uri,http://www.wikidata.org/entity/Q4166636,uri,http://www.wikidata.org/entity/Q3050386,literal,Doryphora sassafras,literal,AUVVAXYIELKVAI-CKBKHPSWSA-N,literal,CCC1CN2CCC3=CC(=C(C=C3C2CC1CC4C5=CC(=C(C=C5CCN4)OC)OC)OC)OC,literal,581869-1,en,literal,emetine,literal,10.1017/S0022149X00033812,literal,483-18-1,literal,CHEMBL50588
121,uri,http://www.wikidata.org/entity/Q14831655,uri,http://www.wikidata.org/entity/Q104951719,literal,Atherosperma moschatum,literal,CAPNACHMCYSNMC-RRPNLBNLSA-N,literal,OC1=CC=C2C=C1OC3=CC=C(C=C3)CC4C5=CC(OC=6C(O)=C(OC)C=C7C6C(NCC7)C2)=C(OC)C=C5CCN4C,literal,581759-1,en,literal,"(1R,14S)-20,25-dimethoxy-30-methyl-7,23-dioxa-15,30-diazaheptacyclo[22.6.2.23,6.18,12.114,18.027,31.022,33]hexatriaconta-3(36),4,6(35),8,10,12(34),18,20,22(33),24,26,31-dodecaene-9,21-diol",literal,10.1071/CH9651997,,,,
122,uri,http://www.wikidata.org/entity/Q9020866,uri,http://www.wikidata.org/entity/Q105113695,literal,Laureliopsis philippian,literal,IIQSAFBACBNPHS-OLZOCXBDSA-N,literal,OC1C2=CC=3OCOC3C=4C5=CC=CC=C5CC(NC1)C24,literal,912748-1,en,literal,"(9R,12R)-3,5-dioxa-11-azapentacyclo[10.7.1.02,6.08,20.014,19]icosa-1(20),2(6),7,14,16,18-hexaen-9-ol",literal,10.1016/0031-9422(82)83185-3,,,,
123,uri,http://www.wikidata.org/entity/Q14831655,uri,http://www.wikidata.org/entity/Q1069066,literal,Atherosperma moschatum,literal,GHKISGDRQRSCII-ZOCIIQOWSA-N,literal,CN1CC2=C(C=CC3=C2OCO3)C4C1C5=CC6=C(C=C5CC4O)OCO6,literal,581759-1,en,literal,chelidonine,literal,10.1017/S0022149X00033812,literal,476-32-4,literal,CHEMBL496867
124,uri,http://www.wikidata.org/entity/Q5221582,uri,http://www.wikidata.org/entity/Q105145183,literal,Daphnandra apatela,literal,KRRIBHWRCGOGAF-MHZLTWQESA-N,literal,N1=C2C=3C=C4OC=5C(OC4=CC3CC1)=C(OC)C=C6C5C(N(C)CC6)CC7=CC=C(OC8=CC(=CC=C8OC)C2)C=C7,literal,77081981-1,en,literal,"(+)-1,2-Dehydrotelobine",literal,10.1071/CH9782077,,,,
125,uri,http://www.wikidata.org/entity/Q14831655,uri,http://www.wikidata.org/entity/Q176525,literal,Atherosperma moschatum,literal,YBHILYKTIRIUTE-UHFFFAOYSA-N,literal,O1c2c(OC1)cc5c(c2)c4cc3ccc(OC)c(OC)c3c[n+]4CC5,literal,581759-1,en,literal,berberine,literal,10.1017/S0022149X00033812,literal,2086-83-1,literal,CHEMBL12089
126,uri,http://www.wikidata.org/entity/Q4166636,uri,http://www.wikidata.org/entity/Q1069066,literal,Doryphora sassafras,literal,GHKISGDRQRSCII-ZOCIIQOWSA-N,literal,CN1CC2=C(C=CC3=C2OCO3)C4C1C5=CC6=C(C=C5CC4O)OCO6,literal,581869-1,en,literal,chelidonine,literal,10.1017/S0022149X00033812,literal,476-32-4,literal,CHEMBL496867
127,uri,http://www.wikidata.org/entity/Q4166636,uri,http://www.wikidata.org/entity/Q176525,literal,Doryphora sassafras,literal,YBHILYKTIRIUTE-UHFFFAOYSA-N,literal,O1c2c(OC1)cc5c(c2)c4cc3ccc(OC)c(OC)c3c[n+]4CC5,literal,581869-1,en,literal,berberine,literal,10.1017/S0022149X00033812,literal,2086-83-1,literal,CHEMBL12089
128,uri,http://www.wikidata.org/entity/Q4166636,uri,http://www.wikidata.org/entity/Q4403492,literal,Doryphora sassafras,literal,MDFQXBNVOAKNAY-BBBLOLIVSA-N,literal,CC(C)C12CC1C(=C)C(C2)O,literal,581869-1,en,literal,(+)-cis-sabinol,literal,10.1017/S0022149X00033812,literal,471-16-9,,
129,uri,http://www.wikidata.org/entity/Q1005204,uri,http://www.wikidata.org/entity/Q27105196,literal,Laurelia novae-zelandiae,literal,PEUUVVGQIVMSAW-RZTYQLBFSA-N,literal,COC1=C(C=C(C=C1)C2C3COC(C3CO2)C4=CC(=C(C=C4)OC)OC)OC,literal,581994-1,en,literal,(+)-eudesmin,literal,10.1021/NP50033A032,literal,29106-36-3,literal,CHEMBL519099
130,uri,http://www.wikidata.org/entity/Q1002397,uri,http://www.wikidata.org/entity/Q27107561,literal,Laurelia sempervirens,literal,FBCXFKWMGIWMJQ-IHLOFXLRSA-N,literal,CN1CCC2=CC(=C(C3=C2C1CC4=CC=C(C=C4)OC5=C(C=CC(=C5)CC6C7=CC(=C(C=C7CCN6C)OC)O3)OC)OC)OC,literal,1177892-2,en,literal,Obaberine,literal,10.1021/NP50040A035,literal,1263-80-5,literal,CHEMBL464525
131,uri,http://www.wikidata.org/entity/Q5221586,uri,http://www.wikidata.org/entity/Q27106337,literal,Daphnandra micrantha,literal,AKGWXHYTRBFUAD-SXOMAYOGSA-N,literal,CN1CCC2=CC(=C(C3=C2C1CC4=CC=C(C=C4)OC5=C(C=CC(=C5)CC6C7=CC(=C(C=C7CCN6)OC)O3)O)O)OC,literal,581858-1,en,literal,daphnoline,literal,10.1039/JR9530000692,literal,479-36-7,literal,CHEMBL2262848
132,uri,http://www.wikidata.org/entity/Q5221586,uri,http://www.wikidata.org/entity/Q27106337,literal,Daphnandra micrantha,literal,AKGWXHYTRBFUAD-SXOMAYOGSA-N,literal,CN1CCC2=CC(=C(C3=C2C1CC4=CC=C(C=C4)OC5=C(C=CC(=C5)CC6C7=CC(=C(C=C7CCN6)OC)O3)O)O)OC,literal,581858-1,en,literal,daphnoline,literal,10.1039/CT9140501679,literal,479-36-7,literal,CHEMBL2262848
133,uri,http://www.wikidata.org/entity/Q4166636,uri,http://www.wikidata.org/entity/Q288051,literal,Doryphora sassafras,literal,REJLGAUYTKNVJM-SGXCCWNXSA-N,literal,CC1CCC2(C(C3C(O2)CC4C3(CCC5C4CCC6C5(CCC(C6)OC7C(C(C(C(O7)CO)OC8C(C(C(C(O8)CO)O)OC9C(C(C(CO9)O)O)O)OC2C(C(C(C(O2)CO)O)O)O)O)O)C)C)C)NC1,literal,581869-1,en,literal,tomatine,literal,10.1017/S0022149X00033812,literal,17406-45-0,literal,CHEMBL525778
134,uri,http://www.wikidata.org/entity/Q4166636,uri,http://www.wikidata.org/entity/Q721202,literal,Doryphora sassafras,literal,FVECELJHCSPHKY-YFUMOZOISA-N,literal,CC1CCC2C(C3(C(CC4(C5CCC6C7(C5(CC4(C3CN2C1)O)OC6(C(CC7)OC(=O)C8=CC(=C(C=C8)OC)OC)O)C)O)O)O)(C)O,literal,581869-1,en,literal,veratridine,literal,10.1017/S0022149X00033812,literal,71-62-5,literal,CHEMBL439496
135,uri,http://www.wikidata.org/entity/Q4166636,uri,http://www.wikidata.org/entity/Q104958218,literal,Doryphora sassafras,literal,CGUKRHMBJLHCNW-UHFFFAOYSA-O,literal,OC1=CC=C(C=C1)CC2=C3C=C4OCOC4=CC3=CC=[N+]2C,literal,581869-1,en,literal,"5-(4-Hydroxybenzyl)-6-methyl-1,3-dioxolo[4,5-g]isoquinoline-6-ium",literal,10.1021/NP9002564,,,,
136,uri,http://www.wikidata.org/entity/Q4166636,uri,http://www.wikidata.org/entity/Q27256103,literal,Doryphora sassafras,literal,JVYKIBAJVKEZSQ-YHQUGGNUSA-N,literal,C1CC2C3CC(CN2C(=O)C1)C4CC(CCN4C3)O,literal,581869-1,en,literal,hydroxylupanine,literal,10.1017/S0022149X00033812,literal,15358-48-2,,
137,uri,http://www.wikidata.org/entity/Q14831655,uri,http://www.wikidata.org/entity/Q125026915,literal,Atherosperma moschatum,literal,JTDBVAYGXJVBEC-NSLQXCKESA-N,literal,O=C(O)C=CC=C(C=CCCCCCCC)COC(=O)C,literal,581759-1,en,literal,cycloartenol,literal,10.1017/S0022149X00033812,,,,
138,uri,http://www.wikidata.org/entity/Q4166636,uri,http://www.wikidata.org/entity/Q104249793,literal,Doryphora sassafras,literal,SBFSGQVISGZPJH-UHFFFAOYSA-N,literal,O=C1C=2C=C(O)C(OC)=CC2C=CN1C,literal,581869-1,en,literal,7-hydroxy-6-methoxy-2-methylisoquinolin-1-one,literal,10.1021/NP50022A001,,,,
139,uri,http://www.wikidata.org/entity/Q14831655,uri,http://www.wikidata.org/entity/Q125026427,literal,Atherosperma moschatum,literal,DRTPVUZJNQCJLJ-UHFFFAOYSA-N,literal,O=C(OC=1C(OC)=C2C=CN=C3C(=O)C=4C=CC=CC4C(C1OC)=C32)C,literal,581759-1,en,literal,leptospermone,literal,10.1071/CH9671403,,,,
140,uri,http://www.wikidata.org/entity/Q5221581,uri,http://www.wikidata.org/entity/Q125026555,literal,Daphnandra,literal,ABNXNHKPUGFTDJ-URLMMPGGSA-N,literal,O1C2=CC=C(C=C2)CC3C4=CC(OC=5C(OC)=C(OC)C=C6C5C(N(C)CC6)CC7=CC1=C8OCOC8=C7)=C(OC)C=C4CCN3C,literal,27067-1,en,literal,longifolidine,literal,10.1039/J39710003779,,,,
141,uri,http://www.wikidata.org/entity/Q4166636,uri,http://www.wikidata.org/entity/Q408883,literal,Doryphora sassafras,literal,MGSRCZKZVOBKFT-UHFFFAOYSA-N,literal,CC1=CC(=C(C=C1)C(C)C)O,literal,581869-1,en,literal,Thymol,literal,10.1017/S0022149X00033812,literal,89-83-8,literal,CHEMBL29411
142,uri,http://www.wikidata.org/entity/Q4166636,uri,http://www.wikidata.org/entity/Q193166,literal,Doryphora sassafras,literal,OEYIOHPDSNJKLS-UHFFFAOYSA-N,literal,C[N+](C)(C)CCO,literal,581869-1,en,literal,choline,literal,10.2307/4117899,literal,62-49-7,literal,CHEMBL920
143,uri,http://www.wikidata.org/entity/Q9020866,uri,http://www.wikidata.org/entity/Q27138970,literal,Laureliopsis philippian,literal,NBDNEUOVIJYCGZ-CYBMUJFWSA-N,literal,COC1=C(C=C2CCNC3C2=C1C4=CC=CC=C4C3)O,literal,912748-1,en,literal,R-(-)-asimilobine,literal,10.1016/0031-9422(82)83185-3,literal,6871-21-2,literal,CHEMBL469423
144,uri,http://www.wikidata.org/entity/Q14831655,uri,http://www.wikidata.org/entity/Q27102249,literal,Atherosperma moschatum,literal,OOCCDEMITAIZTP-UHFFFAOYSA-N,literal,C1=CC=C(C=C1)C=CCO,literal,581759-1,en,literal,3-phenyl-2-propen-1-ol,literal,10.1017/S0022149X00033812,literal,104-54-1,literal,CHEMBL3183153
145,uri,http://www.wikidata.org/entity/Q4166636,uri,http://www.wikidata.org/entity/Q27102249,literal,Doryphora sassafras,literal,OOCCDEMITAIZTP-UHFFFAOYSA-N,literal,C1=CC=C(C=C1)C=CCO,literal,581869-1,en,literal,3-phenyl-2-propen-1-ol,literal,10.1017/S0022149X00033812,literal,104-54-1,literal,CHEMBL3183153
146,uri,http://www.wikidata.org/entity/Q1002397,uri,http://www.wikidata.org/entity/Q27107597,literal,Laurelia sempervirens,literal,HGNHIFJNOKGSKI-WDYNHAJCSA-N,literal,CN1CCC2=CC(=C(C3=C2C1CC4=CC=C(C=C4)OC5=C(C=CC(=C5)CC6C7=CC(=C(C=C7CCN6C)OC)O3)O)OC)OC,literal,1177892-2,en,literal,oxyacanthine,literal,10.1021/NP50040A035,literal,548-40-3,literal,CHEMBL509999
147,uri,http://www.wikidata.org/entity/Q4166636,uri,http://www.wikidata.org/entity/Q104249790,literal,Doryphora sassafras,literal,OZCJIHCANLYTSI-UHFFFAOYSA-N,literal,O=C1C=2C=C3OCOC3=CC2C=CN1C,literal,581869-1,en,literal,"6-methyl-2H-[1,3]dioxolo[4,5-g]isoquinolin-5-one",literal,10.2307/4117899,literal,24880-42-0,,
148,uri,http://www.wikidata.org/entity/Q4166636,uri,http://www.wikidata.org/entity/Q104249790,literal,Doryphora sassafras,literal,OZCJIHCANLYTSI-UHFFFAOYSA-N,literal,O=C1C=2C=C3OCOC3=CC2C=CN1C,literal,581869-1,en,literal,"6-methyl-2H-[1,3]dioxolo[4,5-g]isoquinolin-5-one",literal,10.1021/NP50022A001,literal,24880-42-0,,
149,uri,http://www.wikidata.org/entity/Q4166636,uri,http://www.wikidata.org/entity/Q410107,literal,Doryphora sassafras,literal,RWGFKTVRMDUZSP-UHFFFAOYSA-N,literal,CC(C)C1=CC=CC=C1,literal,581869-1,en,literal,cumene,literal,10.1017/S0022149X00033812,literal,98-82-8,literal,CHEMBL1398949
150,uri,http://www.wikidata.org/entity/Q5221581,uri,http://www.wikidata.org/entity/Q125026434,literal,Daphnandra,literal,KLVDJUCERSCQAG-UHFFFAOYSA-N,literal,OC1=C(OC)C=C2C(=C1C)C(N(C)CC2)CC3=CC=C(OC)C=C3,literal,27067-1,en,literal,atheroline,literal,10.1039/J39670001951,,,,
151,uri,http://www.wikidata.org/entity/Q1005204,uri,http://www.wikidata.org/entity/Q27108576,literal,Laurelia novae-zelandiae,literal,HRLFUIXSXUASEX-RZTYQLBFSA-N,literal,COC1=CC(=CC(=C1OC)OC)C2C3COC(C3CO2)C4=CC(=C(C(=C4)OC)OC)OC,literal,581994-1,en,literal,Yangambin,literal,10.1021/NP50033A032,literal,13060-14-5,literal,CHEMBL454592
152,uri,http://www.wikidata.org/entity/Q1002397,uri,http://www.wikidata.org/entity/Q104250810,literal,Laurelia sempervirens,literal,WVTKBKWTSCPRNU-IHLOFXLRSA-N,literal,O1C2=CC=C(C=C2)CC3C4=CC(OC=5C(OC)=C(OC)C=C6C5C(N(C)CC6)CC7=CC=C(OC)C1=C7)=C(OC)C=C4CCN3C,literal,1177892-2,en,literal,1-Isotetrandrine,literal,10.1016/0031-9422(95)00608-7,,,,
153,uri,http://www.wikidata.org/entity/Q4166636,uri,http://www.wikidata.org/entity/Q407418,literal,Doryphora sassafras,literal,NOOLISFMXDJSKH-KXUCPTDWSA-N,literal,CC1CCC(C(C1)O)C(C)C,literal,581869-1,en,literal,L-menthol,literal,10.1017/S0022149X00033812,literal,2216-51-5,literal,CHEMBL470670
154,uri,http://www.wikidata.org/entity/Q4166636,uri,http://www.wikidata.org/entity/Q104250249,literal,Doryphora sassafras,literal,HOZOQGVLWPYGIE-UHFFFAOYSA-N,literal,O(C1=CC=C(C=C1)CC2C3=CC=4OCOC4C=C3CCN2C)C,literal,581869-1,en,literal,Doryafranin,literal,10.2307/4117899,,,,
155,uri,http://www.wikidata.org/entity/Q4166636,uri,http://www.wikidata.org/entity/Q27259794,literal,Doryphora sassafras,literal,OHDQLTAYHMLRBA-LBPRGKRZSA-N,literal,COC1=C(C2=C(CC3C4=C2C(=C(C=C4CCN3)OC)OC)C=C1)O,literal,581869-1,en,literal,norisocorydine,literal,10.1021/NP9002564,literal,475-70-7,literal,CHEMBL465212
156,uri,http://www.wikidata.org/entity/Q9020866,uri,http://www.wikidata.org/entity/Q105136431,literal,Laureliopsis philippian,literal,JWXKBCGJLCEZTJ-ZDUSSCGKSA-N,literal,O(C=1C=C2C3=C(C1OC)C4=CC=5OCOC5C=C4CC3NCC2)C,literal,912748-1,en,literal,"(12S)-18,19-dimethoxy-5,7-dioxa-13-azapentacyclo[10.7.1.02,10.04,8.016,20]icosa-1(20),2,4(8),9,16,18-hexaene",literal,10.1016/0031-9422(82)83185-3,literal,15401-66-8,,
157,uri,http://www.wikidata.org/entity/Q4166636,uri,http://www.wikidata.org/entity/Q5159518,literal,Doryphora sassafras,literal,GPLGAQQQNWMVMM-MYAJQUOBSA-N,literal,CC1C2CCC3C2(CCC4C3CC=C5C4(CCC(C5)N(C)C)C)CN1C,literal,581869-1,en,literal,conessine,literal,10.1017/S0022149X00033812,literal,546-06-5,literal,CHEMBL191703
158,uri,http://www.wikidata.org/entity/Q1002397,uri,http://www.wikidata.org/entity/Q105034355,literal,Laurelia sempervirens,literal,HVMMFGYMZZVURQ-UHFFFAOYSA-N,literal,OC1=C(OC)C=C2C3=C1C4=C(OC)C(OC)=CC=C4CC3NCC2,literal,1177892-2,en,literal,"1-Hydroxy-2,10,11-trimethoxynoraporphine",literal,10.1016/0031-9422(82)83185-3,,,,
159,uri,http://www.wikidata.org/entity/Q5221581,uri,http://www.wikidata.org/entity/Q110185243,literal,Daphnandra,literal,ZJPDWMDHODYSGY-HHYJITEFSA-N,literal,O=C1C(OC)=CC2=C3C(N(C)CC2)CC4=CC(OC5=CC=C(C=C5)CC6C7=CC=8OC13COC8C=C7CCN6C)=C9OCOC9=C4,literal,27067-1,en,literal,"(12S,31S)-18-methoxy-13,30-dimethyl-2,5,7,22,39-pentaoxa-13,30-diazanonacyclo[31.2.2.1³,¹⁰.1¹²,¹⁶.1²⁰,²⁴.1²³,²⁷.0⁴,⁸.0²⁶,³¹.0²⁰,⁴⁰]hentetraconta-1(35),3(41),4(8),9,16(40),17,23,25,27(38),33,36-undecaen-19-one",literal,10.1039/J39670001951,,,,
160,uri,http://www.wikidata.org/entity/Q5221584,uri,http://www.wikidata.org/entity/Q27107561,literal,Daphnandra johnsonii,literal,FBCXFKWMGIWMJQ-IHLOFXLRSA-N,literal,CN1CCC2=CC(=C(C3=C2C1CC4=CC=C(C=C4)OC5=C(C=CC(=C5)CC6C7=CC(=C(C=C7CCN6C)OC)O3)OC)OC)OC,literal,77081983-1,en,literal,Obaberine,literal,10.1071/CH9782539,literal,1263-80-5,literal,CHEMBL464525
161,uri,http://www.wikidata.org/entity/Q5221586,uri,http://www.wikidata.org/entity/Q27106334,literal,Daphnandra micrantha,literal,REKCBEFSIKOPTD-IZLXSDGUSA-N,literal,CN1CCC2=CC(=C(C3=C2C1CC4=CC=C(C=C4)OC5=C(C=CC(=C5)CC6C7=CC(=C(C=C7CCN6)OC)O3)OC)O)OC,literal,581858-1,en,literal,daphnandrine,literal,10.1039/JR9530000692,literal,1183-76-2,literal,CHEMBL510612
162,uri,http://www.wikidata.org/entity/Q5221586,uri,http://www.wikidata.org/entity/Q27106334,literal,Daphnandra micrantha,literal,REKCBEFSIKOPTD-IZLXSDGUSA-N,literal,CN1CCC2=CC(=C(C3=C2C1CC4=CC=C(C=C4)OC5=C(C=CC(=C5)CC6C7=CC(=C(C=C7CCN6)OC)O3)OC)O)OC,literal,581858-1,en,literal,daphnandrine,literal,10.1039/CT9140501679,literal,1183-76-2,literal,CHEMBL510612
163,uri,http://www.wikidata.org/entity/Q9020866,uri,http://www.wikidata.org/entity/Q15410275,literal,Laureliopsis philippian,literal,VZTUKBKUWSHDFM-CYBMUJFWSA-N,literal,C1CNC2CC3=CC=CC=C3C4=C2C1=CC5=C4OCO5,literal,912748-1,en,literal,(-)-annonaine,literal,10.1016/0031-9422(82)83185-3,literal,1862-41-5,literal,CHEMBL401798
164,uri,http://www.wikidata.org/entity/Q14831655,uri,http://www.wikidata.org/entity/Q188314,literal,Atherosperma moschatum,literal,UWKAYLJWKGQEPM-UHFFFAOYSA-N,literal,CC(=CCCC(C)(C=C)OC(=O)C)C,literal,581759-1,en,literal,(±)-linalyl acetate,literal,10.1017/S0022149X00033812,literal,115-95-7,literal,CHEMBL502773
165,uri,http://www.wikidata.org/entity/Q1005204,uri,http://www.wikidata.org/entity/Q27252668,literal,Laurelia novae-zelandiae,literal,IDQUPXZJURZAGF-ZDUSSCGKSA-N,literal,CN1CCC2=CC(=C(C3=C2C1CC4=C3C(=C(C=C4)OC)OC)O)OC,literal,581994-1,en,literal,corydine,literal,10.1021/NP50033A032,literal,476-69-7,literal,CHEMBL489524
166,uri,http://www.wikidata.org/entity/Q4166636,uri,http://www.wikidata.org/entity/Q188314,literal,Doryphora sassafras,literal,UWKAYLJWKGQEPM-UHFFFAOYSA-N,literal,CC(=CCCC(C)(C=C)OC(=O)C)C,literal,581869-1,en,literal,(±)-linalyl acetate,literal,10.1017/S0022149X00033812,literal,115-95-7,literal,CHEMBL502773
167,uri,http://www.wikidata.org/entity/Q5221582,uri,http://www.wikidata.org/entity/Q104394755,literal,Daphnandra apatela,literal,HUUXXMNWOPUALW-SANMLTNESA-N,literal,OC1=CC=C2C=C1OC3=CC=C(C=C3)CC4C5=C6OC7=CC=8C(=NCCC8C=C7OC6=C(OC)C=C5CCN4C)C2,literal,77081981-1,en,literal,Dehydroapateline,literal,10.1071/CH9782077,,,,
168,uri,http://www.wikidata.org/entity/Q5221584,uri,http://www.wikidata.org/entity/Q104908722,literal,Daphnandra johnsonii,literal,ABNXNHKPUGFTDJ-VMPREFPWSA-N,literal,O1C2=CC=C(C=C2)CC3C4=CC(OC=5C(OC)=C(OC)C=C6C5C(N(C)CC6)CC7=CC1=C8OCOC8=C7)=C(OC)C=C4CCN3C,literal,77081983-1,en,literal,(+)-Tenuipine,literal,10.1071/CH9782539,,,,
169,uri,http://www.wikidata.org/entity/Q4166636,uri,http://www.wikidata.org/entity/Q5397651,literal,Doryphora sassafras,literal,HKGWQUVGHPDEBZ-OLZOCXBDSA-N,literal,CC12CCN(C1N(C3=C2C=C(C=C3)O)C)C,literal,581869-1,en,literal,eseroline,literal,10.1017/S0022149X00033812,literal,469-22-7,literal,CHEMBL310934
170,uri,http://www.wikidata.org/entity/Q5221584,uri,http://www.wikidata.org/entity/Q105014714,literal,Daphnandra johnsonii,literal,GOYCVNCWKXBQBF-SXOMAYOGSA-N,literal,OC1=CC=C2C=C1OC3=CC=C(C=C3)CC4C5=C6OC=7C=C8C(=CC7OC6=C(OC)C=C5CCN4C)CCN(C)C8C2,literal,77081983-1,en,literal,"(8R,21S)-27-methoxy-7,22-dimethyl-15,29,31-trioxa-7,22-diazaoctacyclo[19.9.3.216,19.14,30.110,14.03,8.025,33.028,32]heptatriaconta-1(30),2,4(34),10(37),11,13,16,18,25,27,32,35-dodecaen-13-ol",literal,10.1071/CH9782539,,,,
171,uri,http://www.wikidata.org/entity/Q5221584,uri,http://www.wikidata.org/entity/Q105014714,literal,Daphnandra johnsonii,literal,GOYCVNCWKXBQBF-SXOMAYOGSA-N,literal,OC1=CC=C2C=C1OC3=CC=C(C=C3)CC4C5=C6OC=7C=C8C(=CC7OC6=C(OC)C=C5CCN4C)CCN(C)C8C2,literal,77081983-1,en,literal,"(8R,21S)-27-methoxy-7,22-dimethyl-15,29,31-trioxa-7,22-diazaoctacyclo[19.9.3.216,19.14,30.110,14.03,8.025,33.028,32]heptatriaconta-1(30),2,4(34),10(37),11,13,16,18,25,27,32,35-dodecaen-13-ol",literal,10.1071/CH9782077,,,,
172,uri,http://www.wikidata.org/entity/Q4166636,uri,http://www.wikidata.org/entity/Q125026910,literal,Doryphora sassafras,literal,XIXMBNLLXKABHJ-UHFFFAOYSA-N,literal,ClC1CC2CCC1(OC2(C)C)C,literal,581869-1,en,literal,L-(+)-laudanidine,literal,10.1017/S0022149X00033812,,,,
173,uri,http://www.wikidata.org/entity/Q14831655,uri,http://www.wikidata.org/entity/Q105313758,literal,Atherosperma moschatum,literal,WVTKBKWTSCPRNU-XZWHSSHBSA-N,literal,O1C2=CC=C(C=C2)CC3C4=CC(OC=5C(OC)=C(OC)C=C6C5C(N(C)CC6)CC7=CC=C(OC)C1=C7)=C(OC)C=C4CCN3C,literal,581759-1,en,literal,"(1S,14R)-9,20,21,25-tetramethoxy-15,30-dimethyl-7,23-dioxa-15,30-diazaheptacyclo[22.6.2.2³,⁶.1⁸,¹².1¹⁴,¹⁸.0²⁷,³¹.0²²,³³]hexatriaconta-3,5,8(34),9,11,18(33),19,21,24,26,31,35-dodecaene",literal,10.1071/CH9560111,literal,477-57-6,,
174,uri,http://www.wikidata.org/entity/Q4166636,uri,http://www.wikidata.org/entity/Q416800,literal,Doryphora sassafras,literal,ULDHMXUKGWMISQ-UHFFFAOYSA-N,literal,CC1=CCC(CC1=O)C(=C)C,literal,581869-1,en,literal,(±)-carvone,literal,10.1017/S0022149X00033812,literal,99-49-0,literal,CHEMBL15676
175,uri,http://www.wikidata.org/entity/Q1005204,uri,http://www.wikidata.org/entity/Q6593308,literal,Laurelia novae-zelandiae,literal,IKMXUUHNYQWZBC-GFCCVEGCSA-N,literal,CN1CCC2=CC3=C(C4=C2C1CC5=C4C(=CC=C5)O)OCO3,literal,581994-1,en,literal,Pukateine,literal,10.1016/0031-9422(82)83185-3,literal,81-67-4,literal,CHEMBL258370
176,uri,http://www.wikidata.org/entity/Q1005204,uri,http://www.wikidata.org/entity/Q6593308,literal,Laurelia novae-zelandiae,literal,IKMXUUHNYQWZBC-GFCCVEGCSA-N,literal,CN1CCC2=CC3=C(C4=C2C1CC5=C4C(=CC=C5)O)OCO3,literal,581994-1,en,literal,Pukateine,literal,10.1021/NP50033A032,literal,81-67-4,literal,CHEMBL258370
177,uri,http://www.wikidata.org/entity/Q5221582,uri,http://www.wikidata.org/entity/Q104911181,literal,Daphnandra apatela,literal,AFGMWONXXNDGGE-FTJBHMTQSA-N,literal,OC1=CC=C2C=C1OC3=CC=C(C=C3)CC4C5=C6OC=7C=C8C(=CC7OC6=C(OC)C=C5CCN4C)CCNC8C2,literal,77081981-1,en,literal,Apateline,literal,10.1071/CH9782077,,,,
178,uri,http://www.wikidata.org/entity/Q1005204,uri,http://www.wikidata.org/entity/Q105124313,literal,Laurelia novae-zelandiae,literal,JBFZNWJDRCJITD-LLVKDONJSA-N,literal,OC1=CC=CC2=C1C=3C=4OCOC4C=C5C3C(NCC5)C2,literal,581994-1,en,literal,"(12R)-3,5-dioxa-11-azapentacyclo[10.7.1.02,6.08,20.014,19]icosa-1(20),2(6),7,14(19),15,17-hexaen-18-ol",literal,10.1016/0031-9422(82)83185-3,,,,
179,uri,http://www.wikidata.org/entity/Q5221584,uri,http://www.wikidata.org/entity/Q27107597,literal,Daphnandra johnsonii,literal,HGNHIFJNOKGSKI-WDYNHAJCSA-N,literal,CN1CCC2=CC(=C(C3=C2C1CC4=CC=C(C=C4)OC5=C(C=CC(=C5)CC6C7=CC(=C(C=C7CCN6C)OC)O3)O)OC)OC,literal,77081983-1,en,literal,oxyacanthine,literal,10.1071/CH9782539,literal,548-40-3,literal,CHEMBL509999
180,uri,http://www.wikidata.org/entity/Q1002397,uri,http://www.wikidata.org/entity/Q105176711,literal,Laurelia sempervirens,literal,NBDNEUOVIJYCGZ-UHFFFAOYSA-N,literal,OC=1C=C2C3=C(C1OC)C4=CC=CC=C4CC3NCC2,literal,1177892-2,en,literal,(R)-Asimilobine,literal,10.1016/0031-9422(82)83185-3,,,,
181,uri,http://www.wikidata.org/entity/Q4166636,uri,http://www.wikidata.org/entity/Q27105192,literal,Doryphora sassafras,literal,NGZXDRGWBULKFA-NSOVKSMOSA-N,literal,CN1CCC2=CC(=C3C=C2C1CC4=CC=C(C=C4)OC5=C6C(CC7=CC(=C(C=C7)O)O3)N(CCC6=CC(=C5O)OC)C)OC,literal,581869-1,en,literal,bebeerine,literal,10.1017/S0022149X00033812,literal,477-60-1,,
182,uri,http://www.wikidata.org/entity/Q9020866,uri,http://www.wikidata.org/entity/Q6122828,literal,Laureliopsis philippian,literal,BHLYRWXGMIUIHG-HNNXBMFYSA-N,literal,OC1=CC(=CC=C1OC)CC2C3=CC(O)=C(OC)C=C3CCN2C,literal,912748-1,en,literal,Reticuline,literal,10.1016/0031-9422(82)83185-3,literal,485-19-8,literal,CHEMBL401501
183,uri,http://www.wikidata.org/entity/Q14831655,uri,http://www.wikidata.org/entity/Q105132204,literal,Atherosperma moschatum,literal,JOAGHQJMKWQMLX-UHFFFAOYSA-N,literal,O=C1C2=NC=CC3=C(OC)C(O)=C(OC)C(C=4C=CC=CC14)=C23,literal,581759-1,en,literal,"15-hydroxy-14,16-dimethoxy-10-azatetracyclo[7.7.1.0²,⁷.0¹³,¹⁷]heptadeca-1(16),2,4,6,9(17),10,12,14-octaen-8-one",literal,10.1071/CH9651997,literal,5574-23-2,,
184,uri,http://www.wikidata.org/entity/Q14831655,uri,http://www.wikidata.org/entity/Q105132204,literal,Atherosperma moschatum,literal,JOAGHQJMKWQMLX-UHFFFAOYSA-N,literal,O=C1C2=NC=CC3=C(OC)C(O)=C(OC)C(C=4C=CC=CC14)=C23,literal,581759-1,en,literal,"15-hydroxy-14,16-dimethoxy-10-azatetracyclo[7.7.1.0²,⁷.0¹³,¹⁷]heptadeca-1(16),2,4,6,9(17),10,12,14-octaen-8-one",literal,10.1071/CH9671403,literal,5574-23-2,,
185,uri,http://www.wikidata.org/entity/Q1002397,uri,http://www.wikidata.org/entity/Q105113697,literal,Laurelia sempervirens,literal,IIQSAFBACBNPHS-UHFFFAOYSA-N,literal,OC1C2=CC=3OCOC3C=4C5=CC=CC=C5CC(NC1)C24,literal,1177892-2,en,literal,"3,5-Dioxa-11-azapentacyclo[10.7.1.02,6.08,20.014,19]icosa-1(20),2(6),7,14,16,18-hexaen-9-ol",literal,10.1016/0031-9422(82)83185-3,,,,
186,uri,http://www.wikidata.org/entity/Q4166636,uri,http://www.wikidata.org/entity/Q410374,literal,Doryphora sassafras,literal,XQYZDYMELSJDRZ-UHFFFAOYSA-N,literal,COC1=C(C=C(C=C1)CC2=NC=CC3=CC(=C(C=C32)OC)OC)OC,literal,581869-1,en,literal,papaverine,literal,10.1017/S0022149X00033812,literal,58-74-2,literal,CHEMBL19224
187,uri,http://www.wikidata.org/entity/Q14831655,uri,http://www.wikidata.org/entity/Q27089415,literal,Atherosperma moschatum,literal,DSSYKIVIOFKYAU-XCBNKYQSSA-N,literal,CC1(C2CCC1(C(=O)C2)C)C,literal,581759-1,en,literal,(R)-camphor,literal,10.1039/CT9120101612,literal,464-49-3,literal,CHEMBL504760
188,uri,http://www.wikidata.org/entity/Q14831655,uri,http://www.wikidata.org/entity/Q125026910,literal,Atherosperma moschatum,literal,XIXMBNLLXKABHJ-UHFFFAOYSA-N,literal,ClC1CC2CCC1(OC2(C)C)C,literal,581759-1,en,literal,L-(+)-laudanidine,literal,10.1017/S0022149X00033812,,,,
189,uri,http://www.wikidata.org/entity/Q1002397,uri,http://www.wikidata.org/entity/Q104999646,literal,Laurelia sempervirens,literal,FQGXOUZHUXOCIV-UHFFFAOYSA-N,literal,OC1C2=CC(OC)=C(OC)C=3C4=CC=5OCOC5C=C4CC(NC1)C32,literal,1177892-2,en,literal,4-Hydroxynornantenine,literal,10.1016/0031-9422(82)83185-3,,,,
