,organism.type,organism,structure.type,structure,organism_name.type,organism_name,structure_inchikey.type,structure_inchikey,structure_smiles.type,structure_smiles,ipniID.type,ipniID,structure_cas.type,structure_cas,structureLabel.xml:lang,structureLabel.type,structureLabel,refDOI.type,refDOI,chembl_id.type,chembl_id
0,uri,http://www.wikidata.org/entity/Q15382015,uri,http://www.wikidata.org/entity/Q27138126,literal,Oryctanthus spicatus,literal,FOGQAGLJUKZQEX-WLPCRHHKSA-N,literal,CC(=CC(=O)OC)CC1(C2CC2C3(C1CC4=C(C(=O)OC45C3CC6=C7C5C(=C(C)C(=O)OC)C(=O)C(C7(C8C6C8)C)O)CO)C)O,literal,550663-1,literal,142279-41-2,en,literal,shizukaol C,literal,10.1002/HLCA.200900299,,
1,uri,http://www.wikidata.org/entity/Q15382015,uri,http://www.wikidata.org/entity/Q72516802,literal,Oryctanthus spicatus,literal,WZKZSZYDBUUHLB-IBBKUXAASA-N,literal,O=C(OC)C(=C1C(=O)C(O)C2(C3=C(CC4C5(OC(=O)C(=C5CC6C(O)(COC(=O)C(=CC)C)C7CC7C46C)COC(=O)C)C13)C8CC82)C)C,literal,550663-1,literal,943136-39-8,en,literal,Chlorahololide D,literal,10.1002/HLCA.200900299,,
2,uri,http://www.wikidata.org/entity/Q15382015,uri,http://www.wikidata.org/entity/Q72516802,literal,Oryctanthus spicatus,literal,WZKZSZYDBUUHLB-IBBKUXAASA-N,literal,O=C(OC)C(=C1C(=O)C(O)C2(C3=C(CC4C5(OC(=O)C(=C5CC6C(O)(COC(=O)C(=CC)C)C7CC7C46C)COC(=O)C)C13)C8CC82)C)C,literal,550663-1,literal,943136-39-8,en,literal,Chlorahololide D,literal,10.1248/CPB.59.1281,,
3,uri,http://www.wikidata.org/entity/Q15382015,uri,http://www.wikidata.org/entity/Q105171028,literal,Oryctanthus spicatus,literal,MRZXHHLSYHIZNO-QHSBEEBCSA-N,literal,O=C1OC2C(=C1C)CC3C(O)(C)CCCC3(C)C2,literal,550663-1,,,en,literal,"5alpha-Hydroxy-3,5beta,8abeta-trimethyl-2,4,4aalpha,5,6,7,8,8a,9,9aalpha-decahydronaphtho[2,3-b]furan-2-one",literal,10.1002/HLCA.200900299,,
4,uri,http://www.wikidata.org/entity/Q15382015,uri,http://www.wikidata.org/entity/Q105283912,literal,Oryctanthus spicatus,literal,VCRQYSYGSKXUQD-YJZJOYDFSA-N,literal,O=C(OC)C(=C1C(=O)C(O)C2(C3=C1C45OC(=O)C(=C5CC6C(COC(=O)C)C7CC7C6(C)C4CC3(OO)C8CC82)CO)C)C,literal,550663-1,,,,literal,Q105283912,literal,10.1016/J.TETLET.2009.08.026,,
5,uri,http://www.wikidata.org/entity/Q18083920,uri,http://www.wikidata.org/entity/Q27159232,literal,Macrosolen globosus,literal,HZDDMDAKGIRCPP-SNAWJCMRSA-N,literal,COC1=CC(=CC(=C1OC)OC)C=CCO,literal,550482-1,literal,30273-62-2,en,literal,"3,4,5-trimethoxy cinnamyl alcohol",literal,10.1016/S0367-326X(03)00041-8,,
6,uri,http://www.wikidata.org/entity/Q15382015,uri,http://www.wikidata.org/entity/Q105025801,literal,Oryctanthus spicatus,literal,HCKVSBCCVCMKKB-NGHDLRGFSA-N,literal,O=C1OC2=CC3(C)C4CC4C(O)(COC5OC(CO)C(O)C(O)C5O)C3CC2=C1C,literal,550663-1,,,en,literal,chloranoside A,literal,10.1021/NP070433G,,
7,uri,http://www.wikidata.org/entity/Q15382015,uri,http://www.wikidata.org/entity/Q27138127,literal,Oryctanthus spicatus,literal,UEHIWILSQZCXQY-LWKKLXHHSA-N,literal,CC(=C1C2C3=C(CC4C25C(=C(C(=O)O5)CO)CC6C4(C7CC7C6COC(=O)C)C)C8CC8C3(C(C1=O)O)C)C(=O)OC,literal,550663-1,,,en,literal,shizukaol D,literal,10.1248/CPB.59.1281,,
8,uri,http://www.wikidata.org/entity/Q15382015,uri,http://www.wikidata.org/entity/Q104195483,literal,Oryctanthus spicatus,literal,PWMWTNKJRHUMOB-UHFFFAOYSA-N,literal,O=C(O)CC1C(=C)CCC2C(C(=O)O)(C)CCCC12C,literal,550663-1,,,en,literal,"5-(carboxymethyl)-1,4a-dimethyl-6-methylidene-3,4,5,7,8,8a-hexahydro-2H-naphthalene-1-carboxylic acid",literal,10.1002/CBDV.200800300,,
9,uri,http://www.wikidata.org/entity/Q15382015,uri,http://www.wikidata.org/entity/Q105384386,literal,Oryctanthus spicatus,literal,ZVKZZRBORSKZLF-SOGHIHTMSA-N,literal,O=C(OC)C(=C1C(=O)C(O)C2(C3=C1C45OC(=O)C6=C5CC7C(O)(COC(=O)C(=CCOC(=O)CCC(=O)OC6)C)C8CC8C7(C)C4CC3(O)C9CC92)C)C,literal,550663-1,,,,literal,Q105384386,literal,10.1248/CPB.59.1281,,
10,uri,http://www.wikidata.org/entity/Q15382015,uri,http://www.wikidata.org/entity/Q105165437,literal,Oryctanthus spicatus,literal,MJIAPLQIAZZLLD-UHFFFAOYSA-N,literal,O=C(O)C1(C)CCCC2(C)C(C(=C)CCC12)CO,literal,550663-1,,,en,literal,"5-(hydroxymethyl)-1,4a-dimethyl-6-methylidene-3,4,5,7,8,8a-hexahydro-2H-naphthalene-1-carboxylic acid",literal,10.1002/CBDV.200800300,,
11,uri,http://www.wikidata.org/entity/Q15382015,uri,http://www.wikidata.org/entity/Q105291271,literal,Oryctanthus spicatus,literal,VQIMOHFODDGHOJ-XEQPTWOZSA-N,literal,O=C(OC)C(=C1C(=O)C(O)C2(C3=C(CC4C5(OC(=O)C6=C5CC7C(O)(COC(=O)C(=CCOC(=O)C(O)CC(=O)OC6)C)C8CC8C47C)C13)C9CC92)C)C,literal,550663-1,,,en,literal,Shizukaol G,literal,10.1002/HLCA.200900299,,
12,uri,http://www.wikidata.org/entity/Q15382015,uri,http://www.wikidata.org/entity/Q104399745,literal,Oryctanthus spicatus,literal,CBDKFNUQVOMQJR-OXVUZWBSSA-N,literal,O=C(OC)C(=C1C(=O)C(O)C2(C3=C(CC4C5(OC(=O)C(=C5CC6C(COC(=O)C)C7CC7C64C)C)C13)C8CC82)C)C,literal,550663-1,,,en,literal,shizukaol E,literal,10.1021/NP070433G,,
13,uri,http://www.wikidata.org/entity/Q15382015,uri,http://www.wikidata.org/entity/Q104990588,literal,Oryctanthus spicatus,literal,DWKVFTSXSNTDJB-QCEMKRCNSA-N,literal,O=C1OC2(OC)C(=C1C)CC3C(O)(C)CCCC3(C)C2,literal,550663-1,,,en,literal,"(4aS,5S,8aS,9aR)-5-hydroxy-9a-methoxy-3,5,8a-trimethyl-4,4a,6,7,8,9-hexahydrobenzo[f][1]benzofuran-2-one",literal,10.1002/HLCA.200900299,,
14,uri,http://www.wikidata.org/entity/Q18083920,uri,http://www.wikidata.org/entity/Q415007,literal,Macrosolen globosus,literal,PFTAWBLQPZVEMU-DZGCQCFKSA-N,literal,C1C(C(OC2=CC(=CC(=C21)O)O)C3=CC(=C(C=C3)O)O)O,literal,550482-1,literal,154-23-4,en,literal,(+)-catechin,literal,10.1016/S0367-326X(03)00041-8,literal,CHEMBL311498
15,uri,http://www.wikidata.org/entity/Q15382015,uri,http://www.wikidata.org/entity/Q105252906,literal,Oryctanthus spicatus,literal,SHDVXCYXBYXGAR-BQPKVCGRSA-N,literal,O=C1OCC2(O)C3CC3C4(C)C2CC5=C(C(=O)OC65C=7C8=C(C(=O)OC8(O)C(O)C9(C7C(O)(CC64)C%10CC%109)C)C)COC(=O)CCC(=O)OCC(=C1)C,literal,550663-1,,,en,literal,chloramultilide B,literal,10.1021/NP070433G,,
16,uri,http://www.wikidata.org/entity/Q15382015,uri,http://www.wikidata.org/entity/Q110192388,literal,Oryctanthus spicatus,literal,QJXNUAMCHIIBHU-UHFFFAOYSA-N,literal,O=C1OC(O)C(=C1CC2C(C(=C)C)CCC2(O)C)C,literal,550663-1,,,en,literal,2-hydroxy-4-[(2-hydroxy-2-methyl-5-prop-1-en-2-ylcyclopentyl)methyl]-3-methyl-2H-furan-5-one,literal,10.1002/CBDV.200800300,,
17,uri,http://www.wikidata.org/entity/Q12858806,uri,http://www.wikidata.org/entity/Q415007,literal,Ligaria cuneifolia,literal,PFTAWBLQPZVEMU-DZGCQCFKSA-N,literal,C1C(C(OC2=CC(=CC(=C21)O)O)C3=CC(=C(C=C3)O)O)O,literal,139989-2,literal,154-23-4,en,literal,(+)-catechin,literal,10.1076/PHBI.36.2.131.4604,literal,CHEMBL311498
18,uri,http://www.wikidata.org/entity/Q15382015,uri,http://www.wikidata.org/entity/Q105125622,literal,Oryctanthus spicatus,literal,JDNYCIQWGHMSPJ-UHFFFAOYSA-N,literal,O=C(OCC1(O)C2CC2C3(C)C1CC4=C(C(=O)OC54C=6C7=C(C(=O)OC7(O)C(O)C8(C6C(O)(CC53)C9CC98)C)C)CO)C(=CC)C,literal,550663-1,,,en,literal,Henriol B,literal,10.1021/NP070433G,,
19,uri,http://www.wikidata.org/entity/Q12858806,uri,http://www.wikidata.org/entity/Q409478,literal,Ligaria cuneifolia,literal,REFJWTPEDVJJIY-UHFFFAOYSA-N,literal,C1=CC(=C(C=C1C2=C(C(=O)C3=C(C=C(C=C3O2)O)O)O)O)O,literal,139989-2,literal,117-39-5,en,literal,quercetin,literal,10.1076/PHBI.36.2.131.4604,literal,CHEMBL50
20,uri,http://www.wikidata.org/entity/Q12858806,uri,http://www.wikidata.org/entity/Q409478,literal,Ligaria cuneifolia,literal,REFJWTPEDVJJIY-UHFFFAOYSA-N,literal,C1=CC(=C(C=C1C2=C(C(=O)C3=C(C=C(C=C3O2)O)O)O)O)O,literal,139989-2,literal,117-39-5,en,literal,quercetin,literal,10.1016/S0031-9422(00)82906-4,literal,CHEMBL50
21,uri,http://www.wikidata.org/entity/Q15382015,uri,http://www.wikidata.org/entity/Q110197769,literal,Oryctanthus spicatus,literal,DFIVSJYPWJTPLZ-UHFFFAOYSA-N,literal,O=C(O)C1(C)C(O)CCC2(C)C(C(=C)CCC12)CCC(O)(C=C)C,literal,550663-1,,,en,literal,"2-hydroxy-5-(3-hydroxy-3-methylpent-4-enyl)-1,4a-dimethyl-6-methylidene-3,4,5,7,8,8a-hexahydro-2H-naphthalene-1-carboxylic acid",literal,10.1002/CBDV.200800300,,
22,uri,http://www.wikidata.org/entity/Q15382015,uri,http://www.wikidata.org/entity/Q110190937,literal,Oryctanthus spicatus,literal,VITHJONQLOCSGP-UHFFFAOYSA-N,literal,O=C1OC2(O)C(=C1C)CC3C(=C)C(O)CCC3(C)C2,literal,550663-1,,,en,literal,"6,9a-Dihydroxy-3,8a-dimethyl-5-methylidene-4,4a,6,7,8,9-hexahydrobenzo[f][1]benzofuran-2-one",literal,10.1002/CBDV.200800300,,
23,uri,http://www.wikidata.org/entity/Q15382015,uri,http://www.wikidata.org/entity/Q105176752,literal,Oryctanthus spicatus,literal,NBGCWDAYASHSEK-YDZYAZLNSA-N,literal,O=CC(=CCC1C(=C)CCC2C(C(=O)O)(C)CCCC12C)C,literal,550663-1,,,en,literal,"15-Nor-14-oxolabda-8(17),12E-Diene-18-oic acid",literal,10.1002/HLCA.200900299,,
24,uri,http://www.wikidata.org/entity/Q15382015,uri,http://www.wikidata.org/entity/Q110197850,literal,Oryctanthus spicatus,literal,JQEOEYITCFFMNV-UHFFFAOYSA-N,literal,O=C1CCC(C)C2CC3=C(C)COC3CC12C,literal,550663-1,,,en,literal,"3,5,8a-Trimethyl-2,4,4a,5,6,7,9,9a-octahydrobenzo[f][1]benzofuran-8-one",literal,10.1002/CBDV.200800300,,
25,uri,http://www.wikidata.org/entity/Q15382015,uri,http://www.wikidata.org/entity/Q105197301,literal,Oryctanthus spicatus,literal,OQYBLUDOOFOBPO-GZBFAFLISA-N,literal,O=C1OC2C(=C1C)CC3C(=C)CCCC3(C)C2,literal,550663-1,,,en,literal,8-Epiasterolide,literal,10.1021/NP070433G,,
26,uri,http://www.wikidata.org/entity/Q15382015,uri,http://www.wikidata.org/entity/Q105307930,literal,Oryctanthus spicatus,literal,WLFLBHYDHMQULZ-UHFFFAOYSA-N,literal,O=C(O)C1(C)CCCC2(C)C(C(=C)CCC12)CC=C(C)C(O)CO,literal,550663-1,,,en,literal,"5-(4,5-dihydroxy-3-methylpent-2-enyl)-1,4a-dimethyl-6-methylidene-3,4,5,7,8,8a-hexahydro-2H-naphthalene-1-carboxylic acid",literal,10.1002/CBDV.200800300,,
27,uri,http://www.wikidata.org/entity/Q15382015,uri,http://www.wikidata.org/entity/Q104946800,literal,Oryctanthus spicatus,literal,BVQWLNLTCUTXBO-MIGBRYPXSA-N,literal,O=C(OC)C1(C)CCCC2(C)C(C(=C)CCC12)CCC(O)(C=C)C,literal,550663-1,,,en,literal,"methyl (1R,4aR,5S,8aR)-5-[(3S)-3-hydroxy-3-methylpent-4-enyl]-1,4a-dimethyl-6-methylidene-3,4,5,7,8,8a-hexahydro-2H-naphthalene-1-carboxylate",literal,10.1002/HLCA.200900299,,
28,uri,http://www.wikidata.org/entity/Q15382015,uri,http://www.wikidata.org/entity/Q27138125,literal,Oryctanthus spicatus,literal,NCEFZVURTXZBJM-CLPLISGISA-N,literal,CC1=CCOC(=O)CCC(=O)OCC2=C3CC4C(C5CC5C4(COC1=O)O)(C6C3(C7C8=C(C6)C9CC9C8(C(C(=O)C7=C(C)C(=O)OC)O)C)OC2=O)C,literal,550663-1,literal,142279-40-1,en,literal,shizukaol B,literal,10.1002/HLCA.200900299,literal,CHEMBL1813267
29,uri,http://www.wikidata.org/entity/Q15382015,uri,http://www.wikidata.org/entity/Q27138125,literal,Oryctanthus spicatus,literal,NCEFZVURTXZBJM-CLPLISGISA-N,literal,CC1=CCOC(=O)CCC(=O)OCC2=C3CC4C(C5CC5C4(COC1=O)O)(C6C3(C7C8=C(C6)C9CC9C8(C(C(=O)C7=C(C)C(=O)OC)O)C)OC2=O)C,literal,550663-1,literal,142279-40-1,en,literal,shizukaol B,literal,10.1248/CPB.59.1281,literal,CHEMBL1813267
30,uri,http://www.wikidata.org/entity/Q12858806,uri,http://www.wikidata.org/entity/Q23050136,literal,Ligaria cuneifolia,literal,PFTAWBLQPZVEMU-UKRRQHHQSA-N,literal,C1C(C(OC2=CC(=CC(=C21)O)O)C3=CC(=C(C=C3)O)O)O,literal,139989-2,literal,490-46-0,en,literal,(−)-epicatechin,literal,10.1076/PHBI.36.2.131.4604,literal,CHEMBL583912
31,uri,http://www.wikidata.org/entity/Q15382015,uri,http://www.wikidata.org/entity/Q104967390,literal,Oryctanthus spicatus,literal,COZNAXBZFKROPK-UHFFFAOYSA-N,literal,O=C(O)C1(C)CCCC2(C)C(C(=C)CCC12)CC(=O)C(=CCO)C,literal,550663-1,,,en,literal,"5-(5-hydroxy-3-methyl-2-oxopent-3-enyl)-1,4a-dimethyl-6-methylidene-3,4,5,7,8,8a-hexahydro-2H-naphthalene-1-carboxylic acid",literal,10.1002/CBDV.200800300,,
32,uri,http://www.wikidata.org/entity/Q15382015,uri,http://www.wikidata.org/entity/Q104179975,literal,Oryctanthus spicatus,literal,NSRKLZRKJJQJLD-UHFFFAOYSA-N,literal,O=C(O)C1(C)CCCC2(C)C(C(=C)CCC12)CCC(C)CCO,literal,550663-1,,,en,literal,CID 15559751,literal,10.1002/CBDV.200800300,,
33,uri,http://www.wikidata.org/entity/Q15382015,uri,http://www.wikidata.org/entity/Q105120869,literal,Oryctanthus spicatus,literal,IUVYLSGQSDYTSW-SOGHIHTMSA-N,literal,O=C(OC)C(=C1C(=O)C(O)C2(C3=C1C45OC(=O)C6=C5CC7C(O)(COC(=O)C(=CCOC(=O)CCC(=O)OC6)C)C8CC8C7(C)C4CC3(OO)C9CC92)C)C,literal,550663-1,,,,literal,Q105120869,literal,10.1016/J.TETLET.2009.08.026,,
34,uri,http://www.wikidata.org/entity/Q15382015,uri,http://www.wikidata.org/entity/Q110193556,literal,Oryctanthus spicatus,literal,YKCJDRTVRFPAMH-UHFFFAOYSA-N,literal,OC1CCC2(C)C3CCC(OC3(C)C(O)CC2C1(C)C)(C=C)C,literal,550663-1,,,en,literal,"3-ethenyl-3,4a,7,7,10a-pentamethyl-2,5,6,6a,8,9,10,10b-octahydro-1H-benzo[f]chromene-5,8-diol",literal,10.1002/CBDV.200800300,,
35,uri,http://www.wikidata.org/entity/Q15382015,uri,http://www.wikidata.org/entity/Q105289087,literal,Oryctanthus spicatus,literal,VMMYFJSUBISYEJ-NGFQHRJXSA-N,literal,O=C1OC2(O)C(=C1C)CC3C(O)(C)CCCC3(C)C2,literal,550663-1,,,en,literal,"(4aR,5R,8aR,9aS)-5,9a-dihydroxy-3,5,8a-trimethyl-4H,4aH,6H,7H,8H,9H-naphtho[2,3-b]furan-2-one",literal,10.1002/HLCA.200900299,,
36,uri,http://www.wikidata.org/entity/Q15382015,uri,http://www.wikidata.org/entity/Q105139251,literal,Oryctanthus spicatus,literal,KDNYVXLYMQKQHH-LMMWYNSXSA-N,literal,OCC1(C)CCCC2(C)C(C(=C)CCC12)CC=C(C=C)C,literal,550663-1,,,en,literal,"Labda-8(20),12,14-trien-18-ol",literal,10.1002/HLCA.200900299,,
37,uri,http://www.wikidata.org/entity/Q15382015,uri,http://www.wikidata.org/entity/Q105171025,literal,Oryctanthus spicatus,literal,MRZXHHLSYHIZNO-CTHBEMJXSA-N,literal,O=C1OC2C(=C1C)CC3C(O)(C)CCCC3(C)C2,literal,550663-1,,,en,literal,"5alpha-Hydroxy-3,5beta,8abeta-trimethyl-2,4,4aalpha,5,6,7,8,8a,9,9abeta-decahydronaphtho[2,3-b]furan-2-one",literal,10.1002/HLCA.200900299,,
38,uri,http://www.wikidata.org/entity/Q15382015,uri,http://www.wikidata.org/entity/Q105253825,literal,Oryctanthus spicatus,literal,SILRZHXBWKFKMJ-BPLDGKMQSA-N,literal,O=C1OC2=CC3(C)CCCC(O)(C)C3CC2=C1C,literal,550663-1,literal,90332-92-6,en,literal,"(4aR,5R,8aR)-5-hydroxy-3,5,8a-trimethyl-4H,4aH,6H,7H,8H-naphtho[2,3-b]furan-2-one",literal,10.1002/HLCA.200900299,,
39,uri,http://www.wikidata.org/entity/Q60558846,uri,http://www.wikidata.org/entity/Q106039677,literal,Macrosolen parasiticus,literal,LGZSARJAXHVXEV-YEJVQPDVSA-N,literal,O=C1OC2CC3(C)C(O)(C4OC4C53OC5)C1C2C(O)(C)C,literal,550496-1,,,en,literal,coriatin,literal,10.1248/CPB.35.182,,
40,uri,http://www.wikidata.org/entity/Q15382015,uri,http://www.wikidata.org/entity/Q110191283,literal,Oryctanthus spicatus,literal,KXZLPQLBTFTJIC-UHFFFAOYSA-N,literal,O=CCC(=CCC1C(=C)CCC2C(C(=O)O)(C)CCCC12C)C,literal,550663-1,,,en,literal,"1,4a-dimethyl-6-methylidene-5-(3-methyl-5-oxopent-2-enyl)-3,4,5,7,8,8a-hexahydro-2H-naphthalene-1-carboxylic acid",literal,10.1002/CBDV.200800300,,
41,uri,http://www.wikidata.org/entity/Q18083920,uri,http://www.wikidata.org/entity/Q105203321,literal,Macrosolen globosus,literal,OYICGYUCCHVYRR-UHFFFAOYSA-N,literal,OCC=CC1=CC=C(OC)C(OC)=C1,literal,550482-1,,,en,literal,"3-(3,4-dimethoxyphenyl)prop-2-en-1-ol",literal,10.1016/S0367-326X(03)00041-8,,
42,uri,http://www.wikidata.org/entity/Q15382015,uri,http://www.wikidata.org/entity/Q82887225,literal,Oryctanthus spicatus,literal,FBMORZZOJSDNRQ-UHFFFAOYSA-N,literal,O=C1OC2(O)C(=C1C)CC3C(=C)CCCC3(C)C2,literal,550663-1,literal,94204-13-4,en,literal,Lassiosiphol,literal,10.1002/CBDV.200800300,,
43,uri,http://www.wikidata.org/entity/Q18083920,uri,http://www.wikidata.org/entity/Q27159237,literal,Macrosolen globosus,literal,OYICGYUCCHVYRR-ONEGZZNKSA-N,literal,COC1=C(C=C(C=C1)C=CCO)OC,literal,550482-1,,,en,literal,"3,4-dimethoxycinnamyl alcohol",literal,10.1016/S0367-326X(03)00041-8,literal,CHEMBL1995346
44,uri,http://www.wikidata.org/entity/Q15382015,uri,http://www.wikidata.org/entity/Q105216938,literal,Oryctanthus spicatus,literal,PZEKZRHZHHZLOB-UHFFFAOYSA-N,literal,O=C(O)C1(C)CCCC2(C)C(C(=C)CCC12)CC(O)C(=CCO)C,literal,550663-1,,,en,literal,"5-(2,5-dihydroxy-3-methylpent-3-enyl)-1,4a-dimethyl-6-methylidene-3,4,5,7,8,8a-hexahydro-2H-naphthalene-1-carboxylic acid",literal,10.1002/CBDV.200800300,,
45,uri,http://www.wikidata.org/entity/Q15382015,uri,http://www.wikidata.org/entity/Q27138128,literal,Oryctanthus spicatus,literal,XOCHXEVAPBOSPH-RCNNXFIWSA-N,literal,CC1=CC(=O)OCC2(C3CC3C4(C2CC5=C(COC(=O)CCC(=O)OC1)C(=O)OC56C4CC7=C8C6C(=C(C)C(=O)OC)C(=O)C(C8(C9C7C9)C)O)C)O,literal,550663-1,,,en,literal,shizukaol F,literal,10.1248/CPB.59.1281,literal,CHEMBL1813268
46,uri,http://www.wikidata.org/entity/Q15382015,uri,http://www.wikidata.org/entity/Q105157973,literal,Oryctanthus spicatus,literal,LVPHJFOILPDRBN-PVTPHBDQSA-N,literal,O=C(OC)C(=C1C(=O)C(O)C2(C3=C1C45OC(=O)C(=C5CC6C(O)(COC(=O)C(=CC)C)C7CC7C6(C)C4CC3(OO)C8CC82)COC(=O)C)C)C,literal,550663-1,,,,literal,Q105157973,literal,10.1016/J.TETLET.2009.08.026,,
47,uri,http://www.wikidata.org/entity/Q15382015,uri,http://www.wikidata.org/entity/Q105306096,literal,Oryctanthus spicatus,literal,WHZVDRCEHYLPGD-RERXTAQQSA-N,literal,O=C1OCC2(O)C3CC3C4(C)C2CC5=C(C(=O)OC65C=7C(C(=O)C(O)C8(C7C(OO)(CC64)C9CC98)C)=C(C(=O)OC)C)COC(=O)CCC(=O)OCC(=C1)C,literal,550663-1,,,,literal,Q105306096,literal,10.1016/J.TETLET.2009.08.026,,
48,uri,http://www.wikidata.org/entity/Q15382015,uri,http://www.wikidata.org/entity/Q105347973,literal,Oryctanthus spicatus,literal,YGBZFOQXPOGACY-ONIUZDBUSA-N,literal,O=C(O)C1(C)CCCC2(C)C(C(=C)CCC12)CC=C(C=C)C,literal,550663-1,,,en,literal,"(1R,4aR,5S,8aR)-1,4a-dimethyl-6-methylidene-5-[(2E)-3-methylpenta-2,4-dien-1-yl]-hexahydro-2H-naphthalene-1-carboxylic acid",literal,10.1002/HLCA.200900299,,
49,uri,http://www.wikidata.org/entity/Q15382015,uri,http://www.wikidata.org/entity/Q105005743,literal,Oryctanthus spicatus,literal,GBAWDNPOGWZKDX-UHFFFAOYSA-N,literal,O=C1OC2(O)C(=C1C)CC3(C(=CCC(O)C3C2)C)C,literal,550663-1,,,en,literal,"8,9a-dihydroxy-3,4a,5-trimethyl-7,8,8a,9-tetrahydro-4H-benzo[f][1]benzofuran-2-one",literal,10.1002/CBDV.200800300,,
50,uri,http://www.wikidata.org/entity/Q18083920,uri,http://www.wikidata.org/entity/Q104168539,literal,Macrosolen globosus,literal,HZDDMDAKGIRCPP-UHFFFAOYSA-N,literal,OCC=CC1=CC(OC)=C(OC)C(OC)=C1,literal,550482-1,literal,1504-56-9,en,literal,"3-(3,4,5-trimethoxyphenyl)prop-2-en-1-ol",literal,10.1016/S0367-326X(03)00041-8,,
51,uri,http://www.wikidata.org/entity/Q15382015,uri,http://www.wikidata.org/entity/Q27138126,literal,Oryctanthus spicatus,literal,KDKIOCIPCJDWMT-ADSFGAOYSA-N,literal,O=C(OC)C(=C1C(=O)C(O)C2(C3=C(CC4C5(OC(=O)C(=C5CC6C(O)(COC(=O)C(=CC)C)C7CC7C46C)CO)C13)C8CC82)C)C,literal,550663-1,literal,142279-41-2,en,literal,shizukaol C,literal,10.1002/HLCA.200900299,,
52,uri,http://www.wikidata.org/entity/Q15382015,uri,http://www.wikidata.org/entity/Q27138126,literal,Oryctanthus spicatus,literal,FOGQAGLJUKZQEX-WLPCRHHKSA-N,literal,O=C(OC)C(=C1C(=O)C(O)C2(C3=C(CC4C5(OC(=O)C(=C5CC6C(O)(COC(=O)C(=CC)C)C7CC7C46C)CO)C13)C8CC82)C)C,literal,550663-1,literal,142279-41-2,en,literal,shizukaol C,literal,10.1002/HLCA.200900299,,
53,uri,http://www.wikidata.org/entity/Q10931326,uri,http://www.wikidata.org/entity/Q106039677,literal,Elytranthe parasitica,literal,LGZSARJAXHVXEV-YEJVQPDVSA-N,literal,O=C1OC2CC3(C)C(O)(C4OC4C53OC5)C1C2C(O)(C)C,literal,548616-1,,,en,literal,coriatin,literal,10.1248/CPB.35.182,,
54,uri,http://www.wikidata.org/entity/Q15382015,uri,http://www.wikidata.org/entity/Q105229572,literal,Oryctanthus spicatus,literal,QXEXMTIZXNCRJO-UHFFFAOYSA-N,literal,O=C1C=2C(=COC2CC3(C)C(O)CCC(O)(C)C13)C,literal,550663-1,,,en,literal,"5,8-dihydroxy-3,5,8a-trimethyl-6,7,8,9-tetrahydro-4aH-benzo[f][1]benzofuran-4-one",literal,10.1002/CBDV.200800300,,
55,uri,http://www.wikidata.org/entity/Q15382015,uri,http://www.wikidata.org/entity/Q27138126,literal,Oryctanthus spicatus,literal,KDKIOCIPCJDWMT-ADSFGAOYSA-N,literal,CC(=CC(=O)OC)CC1(C2CC2C3(C1CC4=C(C(=O)OC45C3CC6=C7C5C(=C(C)C(=O)OC)C(=O)C(C7(C8C6C8)C)O)CO)C)O,literal,550663-1,literal,142279-41-2,en,literal,shizukaol C,literal,10.1002/HLCA.200900299,,
56,uri,http://www.wikidata.org/entity/Q15382015,uri,http://www.wikidata.org/entity/Q105229363,literal,Oryctanthus spicatus,literal,QWSNEPMHCCCNTC-RPOPHHTNSA-N,literal,O=C(O)C1(C)CCCC2(C)C(C(=C)CCC12)CC(O)C(=CCOC)C,literal,550663-1,,,en,literal,"(1S,4aS,5R,8aS)-5-[(E,2R)-2-hydroxy-5-methoxy-3-methylpent-3-enyl]-1,4a-dimethyl-6-methylidene-3,4,5,7,8,8a-hexahydro-2H-naphthalene-1-carboxylic acid",literal,10.1002/HLCA.200900299,,
57,uri,http://www.wikidata.org/entity/Q18074641,uri,http://www.wikidata.org/entity/Q105014816,literal,Hyphear kaoi,literal,GPGFGFUBECSNTG-SFTVRKLSSA-N,literal,O=C1C2=C(O)C=C(OC3OC(CO)C(O)C(O)C3O)C=C2OC(C=4C=CC=CC4)C1,literal,548823-1,,,en,literal,Pinocembrin-7-O-D-glucoside,literal,10.38212/2224-6614.2870,,
58,uri,http://www.wikidata.org/entity/Q15379699,uri,http://www.wikidata.org/entity/Q105025801,literal,Amyema glabra,literal,HCKVSBCCVCMKKB-NGHDLRGFSA-N,literal,O=C1OC2=CC3(C)C4CC4C(O)(COC5OC(CO)C(O)C(O)C5O)C3CC2=C1C,literal,547721-1,,,en,literal,chloranoside A,literal,10.1246/CL.1994.1541,,
59,uri,http://www.wikidata.org/entity/Q5256810,uri,http://www.wikidata.org/entity/Q1649777,literal,Dendrophthoe falcata,literal,OXGUCUVFOIWWQJ-HQBVPOQASA-N,literal,CC1C(C(C(C(O1)OC2=C(OC3=CC(=CC(=C3C2=O)O)O)C4=CC(=C(C=C4)O)O)O)O)O,literal,548263-1,literal,522-12-3,en,literal,quercitrin,literal,10.1248/CPB.54.740,literal,CHEMBL82242
60,uri,http://www.wikidata.org/entity/Q10930143,uri,http://www.wikidata.org/entity/Q105216815,literal,Taxillus theifer,literal,PYVVKTYHVHGNMI-NPMXOYFQSA-N,literal,O=C(OC(C1=CC=C(OC)C(OC)=C1)C(OC2=CC=C(C=CC)C=C2OC)C)C,literal,913404-1,,,en,literal,"[(1S,2S)-1-(3,4-dimethoxyphenyl)-2-(2-methoxy-4-prop-1-enylphenoxy)propyl] acetate",literal,10.1080/14786419.2010.529443,,
61,uri,http://www.wikidata.org/entity/Q10903128,uri,http://www.wikidata.org/entity/Q121802,literal,Loranthus tanakae,literal,KZJWDPNRJALLNS-VJSFXXLFSA-N,literal,CCC(CCC(C)C1CCC2C1(CCC3C2CC=C4C3(CCC(C4)O)C)C)C(C)C,literal,550266-1,literal,19044-06-5,en,literal,beta-sitosterol,literal,10.1248/CPB.36.1180,,
62,uri,http://www.wikidata.org/entity/Q65936252,uri,http://www.wikidata.org/entity/Q1649777,literal,Dendrophthoe longiflora,literal,OXGUCUVFOIWWQJ-HQBVPOQASA-N,literal,CC1C(C(C(C(O1)OC2=C(OC3=CC(=CC(=C3C2=O)O)O)C4=CC(=C(C=C4)O)O)O)O)O,literal,548312-1,literal,522-12-3,en,literal,quercitrin,literal,10.1248/CPB.54.740,literal,CHEMBL82242
63,uri,http://www.wikidata.org/entity/Q10914052,uri,http://www.wikidata.org/entity/Q1649777,literal,Loranthus kaoi,literal,OXGUCUVFOIWWQJ-HQBVPOQASA-N,literal,CC1C(C(C(C(O1)OC2=C(OC3=CC(=CC(=C3C2=O)O)O)C4=CC(=C(C=C4)O)O)O)O)O,literal,912765-1,literal,522-12-3,en,literal,quercitrin,literal,10.38212/2224-6614.2870,literal,CHEMBL82242
64,uri,http://www.wikidata.org/entity/Q5256810,uri,http://www.wikidata.org/entity/Q105307132,literal,Dendrophthoe falcata,literal,WJYJVUIWBMPWGZ-YOYVCSERSA-N,literal,O=C(OC1CC(OC(O)(C)C)C2(C)C(CCC3(C)C2C(O)C=C4C5CC(C)(C)CCC5(C)CCC43C)C1(C)C)C,literal,548263-1,,,en,literal,"[(1R,3S,4aS,6aR,6bS,8aR,12aR,14R,14aS,14bS)-14-hydroxy-1-(2-hydroxypropan-2-yloxy)-4,4,6a,6b,8a,11,11,14b-octamethyl-1,2,3,4a,5,6,7,8,9,10,12,12a,14,14a-tetradecahydropicen-3-yl] acetate",literal,10.1248/CPB.54.740,,
65,uri,http://www.wikidata.org/entity/Q15050563,uri,http://www.wikidata.org/entity/Q180912,literal,Taxillus chinensis,literal,DRLFMBDRBRZALE-UHFFFAOYSA-N,literal,CC(=O)NCCC1=CNC2=C1C=C(C=C2)OC,literal,552130-1,literal,8041-44-9,en,literal,melatonin,literal,10.1016/S0024-3205(03)00252-2,literal,CHEMBL45
66,uri,http://www.wikidata.org/entity/Q14623244,uri,http://www.wikidata.org/entity/Q105114939,literal,Scurrula parasitica,literal,IKTUZVAVHCTHSU-ULZPOIKGSA-N,literal,O=C1OC2C3OCC4(O)C5OC5C(O)(C1C2C(=C)C)C34C,literal,551550-1,literal,35481-77-7,en,literal,CID 10880921,literal,10.1248/CPB.35.182,,
67,uri,http://www.wikidata.org/entity/Q14623244,uri,http://www.wikidata.org/entity/Q105114939,literal,Scurrula parasitica,literal,IKTUZVAVHCTHSU-ULZPOIKGSA-N,literal,O=C1OC2C3OCC4(O)C5OC5C(O)(C1C2C(=C)C)C34C,literal,551550-1,literal,35481-77-7,en,literal,CID 10880921,literal,10.1142/S0192415X14500025,,
68,uri,http://www.wikidata.org/entity/Q10903128,uri,http://www.wikidata.org/entity/Q105286733,literal,Loranthus tanakae,literal,VIBQTHVPSCUSGA-UHFFFAOYSA-N,literal,O=C(OC1CCC2(C)C3CCC4C5C(C(=C)C)CCC5(C)CC(O)C4(C)C3(C)C(O)CC2C1(C)C)CCCCCCCCCCCCCCC,literal,550266-1,,,en,literal,"(5,6-Dihydroxy-3a,5a,5b,8,8,11a-hexamethyl-1-prop-1-en-2-yl-1,2,3,4,5,6,7,7a,9,10,11,11b,12,13,13a,13b-hexadecahydrocyclopenta[a]chrysen-9-yl) hexadecanoate",literal,10.1248/CPB.36.1180,,
69,uri,http://www.wikidata.org/entity/Q18075063,uri,http://www.wikidata.org/entity/Q105289468,literal,Ileostylus micranthus,literal,VNBGHGMZQVPXNW-ORXSZNTHSA-N,literal,O=C(OC1CCC2(C)C3CCC4C5C(C(=C)C)CCC5(C)CC(O)C4(C)C3(C)C(O)CC2C1(C)C)CCCCCCCCCCCCCCCCC,literal,548834-1,,,en,literal,"[(1R,3aR,5S,5aR,5bR,6S,7aR,9S,11aS,11bR,13aR,13bR)-5,6-dihydroxy-3a,5a,5b,8,8,11a-hexamethyl-1-prop-1-en-2-yl-1,2,3,4,5,6,7,7a,9,10,11,11b,12,13,13a,13b-hexadecahydrocyclopenta[a]chrysen-9-yl] octadecanoate",literal,10.1016/J.PHYTOL.2011.07.011,,
70,uri,http://www.wikidata.org/entity/Q15354793,uri,http://www.wikidata.org/entity/Q105237456,literal,Scurrula atropurpurea,literal,RJGPWUHEMVYSDA-UHFFFAOYSA-N,literal,O=C(O)CCCCCCC#CC#CC=CCCCCC,literal,551495-1,,,en,literal,"octadec-12-en-8,10-diynoic acid",literal,10.1248/CPB.51.343,,
71,uri,http://www.wikidata.org/entity/Q15354793,uri,http://www.wikidata.org/entity/Q105114374,literal,Scurrula atropurpurea,literal,IKGXIBQEEMLURG-FNKLJWKFSA-N,literal,O=C1C(OC2OC(COC3OC(C)C(O)C(O)C3O)C(O)C(O)C2O)=C(OC=4C=C(O)C=C(O)C14)C=5C=CC(O)=C(O)C5,literal,551495-1,,,en,literal,"2-(3,4-dihydroxyphenyl)-5,7-dihydroxy-3-[(2S,3R,4S,5S,6R)-3,4,5-trihydroxy-6-[[(2R,3S,4S,5R,6S)-3,4,5-trihydroxy-6-methyloxan-2-yl]oxymethyl]oxan-2-yl]oxychromen-4-one",literal,10.1248/CPB.51.343,,
72,uri,http://www.wikidata.org/entity/Q15354793,uri,http://www.wikidata.org/entity/Q105248520,literal,Scurrula atropurpurea,literal,RZPOXAOUEYNXNO-VLSJDARNSA-N,literal,O=C(C=CC12OC2(C)CC(OC3OC(CO)C(O)C(O)C3O)CC1(C)C)C,literal,551495-1,,,en,literal,Icariside B2,literal,10.1248/CPB.51.343,,
73,uri,http://www.wikidata.org/entity/Q15353988,uri,http://www.wikidata.org/entity/Q121802,literal,Psittacanthus cucullaris,literal,KZJWDPNRJALLNS-VJSFXXLFSA-N,literal,CCC(CCC(C)C1CCC2C1(CCC3C2CC=C4C3(CCC(C4)O)C)C)C(C)C,literal,551367-1,literal,64997-52-0,en,literal,beta-sitosterol,literal,10.1021/NP980543A,,
74,uri,http://www.wikidata.org/entity/Q5256810,uri,http://www.wikidata.org/entity/Q105341534,literal,Dendrophthoe falcata,literal,XTFVPZUVGUQJDI-AARHHMMNSA-N,literal,O=C(OC1CC(O)C2(C)C(CCC3(C)C2C(O)C=C4C5CC(C)(C)CCC5(C)CCC43C)C1(C)C)C,literal,548263-1,,,en,literal,"3beta-Acetoxyoleana-12-ene-1beta,11alpha-diol",literal,10.1248/CPB.54.740,,
75,uri,http://www.wikidata.org/entity/Q15354793,uri,http://www.wikidata.org/entity/Q105237454,literal,Scurrula atropurpurea,literal,RJGPWUHEMVYSDA-SREVYHEPSA-N,literal,O=C(O)CCCCCCC#CC#CC=CCCCCC,literal,551495-1,,,en,literal,"(12Z)-octadec-12-en-8,10-diynoic acid",literal,10.1248/CPB.51.343,,
76,uri,http://www.wikidata.org/entity/Q104865676,uri,http://www.wikidata.org/entity/Q104193958,literal,Scurrula fusca,literal,OXQKEKGBFMQTML-UHFFFAOYSA-N,literal,OCC(O)C(O)C(O)C(O)C(O)CO,literal,551520-1,literal,488-38-0,en,literal,perseitol,literal,10.1248/CPB.50.489,,
77,uri,http://www.wikidata.org/entity/Q15377333,uri,http://www.wikidata.org/entity/Q105115441,literal,Agelanthus dodoneifolius,literal,ILSJICRXKSNXIV-UONOGXRCSA-N,literal,O=C1OC(CC=C1)CC(O)CCC2=CC=C(O)C=C2,literal,969266-1,,,en,literal,Dodoneine,literal,10.1021/NP070355X,,
78,uri,http://www.wikidata.org/entity/Q10903128,uri,http://www.wikidata.org/entity/Q105255902,literal,Loranthus tanakae,literal,SMGALHQWCQAJSC-UHFFFAOYSA-N,literal,O=C1C(OC2OC(C)C(O)C(O)C2O)=C(OC3=CC(OC)=CC(O)=C13)C=4C=CC(O)=CC4,literal,550266-1,,,en,literal,"5-Hydroxy-2-(4-hydroxyphenyl)-7-methoxy-3-(3,4,5-trihydroxy-6-methyloxan-2-yl)oxychromen-4-one",literal,10.1248/CPB.36.1180,,
79,uri,http://www.wikidata.org/entity/Q18079900,uri,http://www.wikidata.org/entity/Q104999884,literal,Lysiana subfalcata,literal,FQUBLGQMXQHASY-UHFFFAOYSA-N,literal,O=C(O)C(=CCCNC(=N)N)CC(=O)O,literal,550445-1,,,en,literal,2-(3-carbamimidamidopropylidene)butanedioic acid,literal,10.1016/J.BMCL.2007.12.060,,
80,uri,http://www.wikidata.org/entity/Q10903128,uri,http://www.wikidata.org/entity/Q105289469,literal,Loranthus tanakae,literal,VNBGHGMZQVPXNW-UHFFFAOYSA-N,literal,O=C(OC1CCC2(C)C3CCC4C5C(C(=C)C)CCC5(C)CC(O)C4(C)C3(C)C(O)CC2C1(C)C)CCCCCCCCCCCCCCCCC,literal,550266-1,,,en,literal,"(5,6-Dihydroxy-3a,5a,5b,8,8,11a-hexamethyl-1-prop-1-en-2-yl-1,2,3,4,5,6,7,7a,9,10,11,11b,12,13,13a,13b-hexadecahydrocyclopenta[a]chrysen-9-yl) octadecanoate",literal,10.1248/CPB.36.1180,,
81,uri,http://www.wikidata.org/entity/Q18079900,uri,http://www.wikidata.org/entity/Q104999883,literal,Lysiana subfalcata,literal,FQUBLGQMXQHASY-DJWKRKHSSA-N,literal,O=C(O)C(=CCCNC(=N)N)CC(=O)O,literal,550445-1,,,en,literal,2-(3-Carbamimidamidopropylidene)butanedioic acid,literal,10.1016/J.BMCL.2007.12.060,,
82,uri,http://www.wikidata.org/entity/Q18074496,uri,http://www.wikidata.org/entity/Q121802,literal,Hyphear tanakae,literal,KZJWDPNRJALLNS-VJSFXXLFSA-N,literal,CCC(CCC(C)C1CCC2C1(CCC3C2CC=C4C3(CCC(C4)O)C)C)C(C)C,literal,548829-1,literal,64997-52-0,en,literal,beta-sitosterol,literal,10.1248/CPB.36.1180,,
83,uri,http://www.wikidata.org/entity/Q10903128,uri,http://www.wikidata.org/entity/Q115952079,literal,Loranthus tanakae,literal,WOGSMORPVRYINS-UHFFFAOYSA-N,literal,O=C(OC1CCC2(C)C3CCC4C5C(C(=C)C)CCC5(C)CC(O)C4(C)C3(C)C(O)CC2C1(C)C)CCCCCCCCCCCCCCCCCCCCCCC,literal,550266-1,,,en,literal,"(5,6-Dihydroxy-3a,5a,5b,8,8,11a-hexamethyl-1-prop-1-en-2-yl-1,2,3,4,5,6,7,7a,9,10,11,11b,12,13,13a,13b-hexadecahydrocyclopenta[a]chrysen-9-yl) tetracosanoate",literal,10.1248/CPB.36.1180,,
84,uri,http://www.wikidata.org/entity/Q65936252,uri,http://www.wikidata.org/entity/Q105307132,literal,Dendrophthoe longiflora,literal,WJYJVUIWBMPWGZ-YOYVCSERSA-N,literal,O=C(OC1CC(OC(O)(C)C)C2(C)C(CCC3(C)C2C(O)C=C4C5CC(C)(C)CCC5(C)CCC43C)C1(C)C)C,literal,548312-1,,,en,literal,"[(1R,3S,4aS,6aR,6bS,8aR,12aR,14R,14aS,14bS)-14-hydroxy-1-(2-hydroxypropan-2-yloxy)-4,4,6a,6b,8a,11,11,14b-octamethyl-1,2,3,4a,5,6,7,8,9,10,12,12a,14,14a-tetradecahydropicen-3-yl] acetate",literal,10.1248/CPB.54.740,,
85,uri,http://www.wikidata.org/entity/Q18075063,uri,http://www.wikidata.org/entity/Q110177001,literal,Ileostylus micranthus,literal,GYGGJZCRRDXTBB-XCDMZMAZSA-N,literal,O=C1OC(C=C)C2=CC3OC(=O)C4(C)C(O)C5OC5C(C2=C1)(C)C34,literal,548834-1,,,en,literal,"(1S,2R,4S,5R,6R,9R,12R,17R)-12-ethenyl-5-hydroxy-1,6-dimethyl-3,8,13-trioxapentacyclo[7.7.1.02,4.06,17.011,16]heptadeca-10,15-diene-7,14-dione",literal,10.1021/NP50077A015,,
86,uri,http://www.wikidata.org/entity/Q18074580,uri,http://www.wikidata.org/entity/Q104888307,literal,Hyphear grewinkii,literal,PJBFZQDIPOPUJJ-GFWIWRPESA-N,literal,OC1CCC2(C)C3CCC4C5C(C(=C)C)CCC5(C)CCC4(C)C3(C)C(O)CC2C1(C)C,literal,548821-1,,,en,literal,"(1R,3aR,5aR,5bR,6S,7aR,9S,11aS,11bR,13aR,13bS)-3a,5a,5b,8,8,11a-hexamethyl-1-prop-1-en-2-yl-1,2,3,4,5,6,7,7a,9,10,11,11b,12,13,13a,13b-hexadecahydrocyclopenta[a]chrysene-6,9-diol",literal,10.1016/0031-9422(73)80531-X,,
87,uri,http://www.wikidata.org/entity/Q18074496,uri,http://www.wikidata.org/entity/Q1649777,literal,Hyphear tanakae,literal,OXGUCUVFOIWWQJ-HQBVPOQASA-N,literal,CC1C(C(C(C(O1)OC2=C(OC3=CC(=CC(=C3C2=O)O)O)C4=CC(=C(C=C4)O)O)O)O)O,literal,548829-1,literal,522-12-3,en,literal,quercitrin,literal,10.1248/CPB.36.1180,literal,CHEMBL82242
88,uri,http://www.wikidata.org/entity/Q10903128,uri,http://www.wikidata.org/entity/Q15410999,literal,Loranthus tanakae,literal,VXZBFBRLRNDJCS-UHFFFAOYSA-N,literal,CCCCCCCCCCCCCCCCCCCCCCCCCCC(=O)O,literal,550266-1,literal,7138-40-1,en,literal,heptacosanoic acid,literal,10.1248/CPB.36.1180,,
89,uri,http://www.wikidata.org/entity/Q5256810,uri,http://www.wikidata.org/entity/Q105154176,literal,Dendrophthoe falcata,literal,LMXRXGYYXFRPQX-HIZRWBBDSA-N,literal,O=C(OC1CC(O)C2(C)C(CCC3(C)C2C(OC)C=C4C5CC(C)(C)CCC5(C)CCC43C)C1(C)C)C,literal,548263-1,,,en,literal,3beta-Acetoxy-11alpha-methoxyoleana-12-ene-1beta-ol,literal,10.1248/CPB.54.740,,
90,uri,http://www.wikidata.org/entity/Q15354793,uri,http://www.wikidata.org/entity/Q105133806,literal,Scurrula atropurpurea,literal,JRBUVHZXBJFVBZ-UHFFFAOYSA-N,literal,O=C(O)CCCCCCC#CC#CCCCCCCC,literal,551495-1,,,en,literal,"8,10-octadecadiynoic acid",literal,10.1248/CPB.51.343,,
91,uri,http://www.wikidata.org/entity/Q18075063,uri,http://www.wikidata.org/entity/Q105286734,literal,Ileostylus micranthus,literal,VIBQTHVPSCUSGA-ZUZZRNIWSA-N,literal,O=C(OC1CCC2(C)C3CCC4C5C(C(=C)C)CCC5(C)CC(O)C4(C)C3(C)C(O)CC2C1(C)C)CCCCCCCCCCCCCCC,literal,548834-1,,,en,literal,"[(1R,3aR,5S,5aR,5bR,6S,7aR,9S,11aS,11bR,13aR,13bR)-5,6-dihydroxy-3a,5a,5b,8,8,11a-hexamethyl-1-prop-1-en-2-yl-1,2,3,4,5,6,7,7a,9,10,11,11b,12,13,13a,13b-hexadecahydrocyclopenta[a]chrysen-9-yl] hexadecanoate",literal,10.1016/J.PHYTOL.2011.07.011,,
92,uri,http://www.wikidata.org/entity/Q5256810,uri,http://www.wikidata.org/entity/Q105215849,literal,Dendrophthoe falcata,literal,PWHYTLPFYVEITP-WWWXVJAFSA-N,literal,O=C(OC1CC(O)C2(C)C(CCC3(C)C2C(O)C=C4C5C(C)C(C)CCC5(C)CCC43C)C1(C)C)C,literal,548263-1,,,en,literal,"3beta-Acetoxyurs-12-ene-1beta,11alpha-diol",literal,10.1248/CPB.54.740,,
93,uri,http://www.wikidata.org/entity/Q18075063,uri,http://www.wikidata.org/entity/Q110179299,literal,Ileostylus micranthus,literal,GZTSNSCACHZNOF-YFQWHVQYSA-N,literal,O=C1OC(C(C)C)C23OC3C4OC(=O)C5(C)CC(O)CC(C2=C1)(C)C45,literal,548834-1,,,en,literal,"2,3-Dihydro,2-hydroxypodolide",literal,10.1021/NP50077A015,,
94,uri,http://www.wikidata.org/entity/Q5256810,uri,http://www.wikidata.org/entity/Q105257152,literal,Dendrophthoe falcata,literal,SOSLMHZOJATCCP-PADPQNGGSA-N,literal,O=C1C(OC2OC(C)C(O)C(O)C2O)=C(OC=3C=C(O)C=C(O)C13)C=4C=CC(O)=CC4,literal,548263-1,,,en,literal,"5,7-dihydroxy-2-(4-hydroxyphenyl)-3-[(2S,3S,4R,5R,6S)-3,4,5-trihydroxy-6-methyloxan-2-yl]oxychromen-4-one",literal,10.1248/CPB.54.740,,
95,uri,http://www.wikidata.org/entity/Q65936252,uri,http://www.wikidata.org/entity/Q105341534,literal,Dendrophthoe longiflora,literal,XTFVPZUVGUQJDI-AARHHMMNSA-N,literal,O=C(OC1CC(O)C2(C)C(CCC3(C)C2C(O)C=C4C5CC(C)(C)CCC5(C)CCC43C)C1(C)C)C,literal,548312-1,,,en,literal,"3beta-Acetoxyoleana-12-ene-1beta,11alpha-diol",literal,10.1248/CPB.54.740,,
96,uri,http://www.wikidata.org/entity/Q10903128,uri,http://www.wikidata.org/entity/Q1649777,literal,Loranthus tanakae,literal,OXGUCUVFOIWWQJ-HQBVPOQASA-N,literal,CC1C(C(C(C(O1)OC2=C(OC3=CC(=CC(=C3C2=O)O)O)C4=CC(=C(C=C4)O)O)O)O)O,literal,550266-1,literal,522-12-3,en,literal,quercitrin,literal,10.1248/CPB.36.1180,literal,CHEMBL82242
97,uri,http://www.wikidata.org/entity/Q10903128,uri,http://www.wikidata.org/entity/Q115952439,literal,Loranthus tanakae,literal,KVQXXBQOZHLGBV-UHFFFAOYSA-N,literal,O=C(OC1CCC2(C)C3CCC4C5C(C(=C)C)CCC5(C)CC(O)C4(C)C3(C)C(O)CC2C1(C)C)CCCCCCCCCCCCCCCCCCC,literal,550266-1,,,en,literal,"(5,6-Dihydroxy-3a,5a,5b,8,8,11a-hexamethyl-1-prop-1-en-2-yl-1,2,3,4,5,6,7,7a,9,10,11,11b,12,13,13a,13b-hexadecahydrocyclopenta[a]chrysen-9-yl) icosanoate",literal,10.1248/CPB.36.1180,,
98,uri,http://www.wikidata.org/entity/Q10903128,uri,http://www.wikidata.org/entity/Q121802,literal,Loranthus tanakae,literal,KZJWDPNRJALLNS-VJSFXXLFSA-N,literal,CCC(CCC(C)C1CCC2C1(CCC3C2CC=C4C3(CCC(C4)O)C)C)C(C)C,literal,550266-1,literal,83-46-5,en,literal,beta-sitosterol,literal,10.1248/CPB.36.1180,,
99,uri,http://www.wikidata.org/entity/Q164391,uri,http://www.wikidata.org/entity/Q105255901,literal,Loranthus europaeus,literal,SMGALHQWCQAJSC-NXYBHTNZSA-N,literal,O=C1C(OC2OC(C)C(O)C(O)C2O)=C(OC3=CC(OC)=CC(O)=C13)C=4C=CC(O)=CC4,literal,549404-1,,,en,literal,"5-hydroxy-2-(4-hydroxyphenyl)-7-methoxy-3-[(2S,3S,4R,5R,6S)-3,4,5-trihydroxy-6-methyloxan-2-yl]oxychromen-4-one",literal,10.1021/NP50036A034,,
100,uri,http://www.wikidata.org/entity/Q10930143,uri,http://www.wikidata.org/entity/Q105300264,literal,Taxillus theifer,literal,WAJJUZTXPZDQSU-PQRODAJWSA-N,literal,O=C(OC(C1=CC=C(OC)C(OC)=C1)C(C)C2(OC)C=C(C(=O)C=C2OC)CC=C)C,literal,913404-1,,,en,literal,"[(1R,2R)-2-[(1S)-1,2-dimethoxy-4-oxo-5-prop-2-enylcyclohexa-2,5-dien-1-yl]-1-(3,4-dimethoxyphenyl)propyl] acetate",literal,10.1080/14786419.2010.529443,,
101,uri,http://www.wikidata.org/entity/Q18075063,uri,http://www.wikidata.org/entity/Q105312041,literal,Ileostylus micranthus,literal,WSQWPVHORPUSOR-SPTWOZHASA-N,literal,OC1CCC2(C)C(CCC3C4CCC(C(C)CC=C(CC)C(C)C)C4(C)CCC32)C1,literal,548834-1,,,en,literal,"(3S,5S,8R,9S,10S,13R,14S,17R)-17-[(2R)-5-ethyl-6-methylhept-4-en-2-yl]-10,13-dimethyl-2,3,4,5,6,7,8,9,11,12,14,15,16,17-tetradecahydro-1H-cyclopenta[a]phenanthren-3-ol",literal,10.1016/J.PHYTOL.2011.07.011,,
102,uri,http://www.wikidata.org/entity/Q18075063,uri,http://www.wikidata.org/entity/Q105140248,literal,Ileostylus micranthus,literal,KEXSMNABMQFSDY-DEIJXFBXSA-N,literal,O=C1OC(C2=CC3OC(=O)C4(C)CC(O)CC(C2=C1)(C)C34)C(C)C,literal,548834-1,,,en,literal,2-alpha-Hydroxynagilactone,literal,10.1021/NP50077A015,,
103,uri,http://www.wikidata.org/entity/Q5256810,uri,http://www.wikidata.org/entity/Q105286907,literal,Dendrophthoe falcata,literal,VINLXEARMQYDRP-VMIGUQFHSA-N,literal,O=C(OC1CC(O)C2(C)C(CCC3(C)C2C(OCC)C=C4C5CC(C)(C)CCC5(C)CCC43C)C1(C)C)C,literal,548263-1,,,en,literal,3beta-Acetoxy-11alpha-ethoxyoleana-12-ene-1beta-ol,literal,10.1248/CPB.54.740,,
104,uri,http://www.wikidata.org/entity/Q15354793,uri,http://www.wikidata.org/entity/Q1649777,literal,Scurrula atropurpurea,literal,OXGUCUVFOIWWQJ-HQBVPOQASA-N,literal,CC1C(C(C(C(O1)OC2=C(OC3=CC(=CC(=C3C2=O)O)O)C4=CC(=C(C=C4)O)O)O)O)O,literal,551495-1,literal,522-12-3,en,literal,quercitrin,literal,10.1248/CPB.51.343,literal,CHEMBL82242
105,uri,http://www.wikidata.org/entity/Q65936252,uri,http://www.wikidata.org/entity/Q105154176,literal,Dendrophthoe longiflora,literal,LMXRXGYYXFRPQX-HIZRWBBDSA-N,literal,O=C(OC1CC(O)C2(C)C(CCC3(C)C2C(OC)C=C4C5CC(C)(C)CCC5(C)CCC43C)C1(C)C)C,literal,548312-1,,,en,literal,3beta-Acetoxy-11alpha-methoxyoleana-12-ene-1beta-ol,literal,10.1248/CPB.54.740,,
106,uri,http://www.wikidata.org/entity/Q65936252,uri,http://www.wikidata.org/entity/Q105215849,literal,Dendrophthoe longiflora,literal,PWHYTLPFYVEITP-WWWXVJAFSA-N,literal,O=C(OC1CC(O)C2(C)C(CCC3(C)C2C(O)C=C4C5C(C)C(C)CCC5(C)CCC43C)C1(C)C)C,literal,548312-1,,,en,literal,"3beta-Acetoxyurs-12-ene-1beta,11alpha-diol",literal,10.1248/CPB.54.740,,
107,uri,http://www.wikidata.org/entity/Q10958342,uri,http://www.wikidata.org/entity/Q105002700,literal,Taxillus kaempferi,literal,FVQOMEDMFUMIMO-IWEPXQKTSA-N,literal,O=C1C=2C(O)=CC(O)=CC2OC(C3=CC=C(O)C(O)=C3)C1OC4OC(CO)C(O)C(O)C4O,literal,552147-1,,,en,literal,Isoglucodistylin,literal,10.1246/BCSJ.55.3051,,
108,uri,http://www.wikidata.org/entity/Q164391,uri,http://www.wikidata.org/entity/Q104398641,literal,Loranthus europaeus,literal,ZYBCUEHWXIHKHJ-LNBCOLIQSA-N,literal,O=C1C(OC2OC(CO)C(O)C(O)C2O)=C(OC3=CC(OC)=CC=C13)C=4C=CC(O)=C(O)C4,literal,549404-1,,,en,literal,"4H-1-Benzopyran-4-one, 2-(3,4-dihydroxyphenyl)-3-(beta-D-glucopyranosyloxy)-5-hydroxy-7-methoxy-",literal,10.1021/NP50036A034,,
109,uri,http://www.wikidata.org/entity/Q10958342,uri,http://www.wikidata.org/entity/Q15720543,literal,Taxillus kaempferi,literal,XUJNKPZDIVKHBE-GKOVUGPKSA-N,literal,O=C(OCC1OC(OC2C(=O)C=3C(O)=CC(O)=CC3OC2C4=CC=C(O)C(O)=C4)C(O)C(O)C1O)C5=CC(O)=C(O)C(O)=C5,literal,552147-1,,,en,literal,taxillusin,literal,10.1248/YAKUSHI1947.116.2_148,,
110,uri,http://www.wikidata.org/entity/Q10958342,uri,http://www.wikidata.org/entity/Q15720543,literal,Taxillus kaempferi,literal,XUJNKPZDIVKHBE-GKOVUGPKSA-N,literal,O=C(OCC1OC(OC2C(=O)C=3C(O)=CC(O)=CC3OC2C4=CC=C(O)C(O)=C4)C(O)C(O)C1O)C5=CC(O)=C(O)C(O)=C5,literal,552147-1,,,en,literal,taxillusin,literal,10.1246/BCSJ.56.542,,
111,uri,http://www.wikidata.org/entity/Q18074496,uri,http://www.wikidata.org/entity/Q115951756,literal,Hyphear tanakae,literal,SECUUYKZNJZFAK-UHFFFAOYSA-N,literal,O=C(OC1CCC2(C)C3CCC4C5C(C(=C)C)CCC5(C)CC(O)C4(C)C3(C)C(O)CC2C1(C)C)CCCCCCCCCCCCCCCCCCCCC,literal,548829-1,,,en,literal,"(5,6-Dihydroxy-3a,5a,5b,8,8,11a-hexamethyl-1-prop-1-en-2-yl-1,2,3,4,5,6,7,7a,9,10,11,11b,12,13,13a,13b-hexadecahydrocyclopenta[a]chrysen-9-yl) docosanoate",literal,10.1248/CPB.36.1180,,
112,uri,http://www.wikidata.org/entity/Q18074496,uri,http://www.wikidata.org/entity/Q15410900,literal,Hyphear tanakae,literal,NPJICTMALKLTFW-OFUAXYCQSA-N,literal,CCC(CCC(C)C1CCC2C1(CCC3C2CC=C4C3(CCC(C4)OC5C(C(C(C(O5)CO)O)O)O)C)C)C(C)C,literal,548829-1,literal,474-58-8,en,literal,sitogluside,literal,10.1248/CPB.36.1180,literal,CHEMBL506678
113,uri,http://www.wikidata.org/entity/Q15353988,uri,http://www.wikidata.org/entity/Q15410900,literal,Psittacanthus cucullaris,literal,NPJICTMALKLTFW-OFUAXYCQSA-N,literal,CCC(CCC(C)C1CCC2C1(CCC3C2CC=C4C3(CCC(C4)OC5C(C(C(C(O5)CO)O)O)O)C)C)C(C)C,literal,551367-1,literal,474-58-8,en,literal,sitogluside,literal,10.1021/NP980543A,literal,CHEMBL506678
114,uri,http://www.wikidata.org/entity/Q15353988,uri,http://www.wikidata.org/entity/Q105183066,literal,Psittacanthus cucullaris,literal,NPJICTMALKLTFW-PYOHOBBFSA-N,literal,OCC1OC(OC2CC3=CCC4C(CCC5(C)C(CCC45)C(C)CCC(CC)C(C)C)C3(C)CC2)C(O)C(O)C1O,literal,551367-1,,,en,literal,"(2R,3R,4S,5S,6S)-2-[[(3S,8S,9S,10R,13R,14S,17R)-17-[(2R,5R)-5-ethyl-6-methylheptan-2-yl]-10,13-dimethyl-2,3,4,7,8,9,11,12,14,15,16,17-dodecahydro-1H-cyclopenta[a]phenanthren-3-yl]oxy]-6-(hydroxymethyl)oxane-3,4,5-triol",literal,10.1021/NP980543A,,
115,uri,http://www.wikidata.org/entity/Q10958342,uri,http://www.wikidata.org/entity/Q1649777,literal,Taxillus kaempferi,literal,OXGUCUVFOIWWQJ-HQBVPOQASA-N,literal,CC1C(C(C(C(O1)OC2=C(OC3=CC(=CC(=C3C2=O)O)O)C4=CC(=C(C=C4)O)O)O)O)O,literal,552147-1,literal,522-12-3,en,literal,quercitrin,literal,10.1248/YAKUSHI1947.116.2_148,literal,CHEMBL82242
116,uri,http://www.wikidata.org/entity/Q65936252,uri,http://www.wikidata.org/entity/Q105286907,literal,Dendrophthoe longiflora,literal,VINLXEARMQYDRP-VMIGUQFHSA-N,literal,O=C(OC1CC(O)C2(C)C(CCC3(C)C2C(OCC)C=C4C5CC(C)(C)CCC5(C)CCC43C)C1(C)C)C,literal,548312-1,,,en,literal,3beta-Acetoxy-11alpha-ethoxyoleana-12-ene-1beta-ol,literal,10.1248/CPB.54.740,,
117,uri,http://www.wikidata.org/entity/Q10903128,uri,http://www.wikidata.org/entity/Q121802,literal,Loranthus tanakae,literal,KZJWDPNRJALLNS-VJSFXXLFSA-N,literal,CCC(CCC(C)C1CCC2C1(CCC3C2CC=C4C3(CCC(C4)O)C)C)C(C)C,literal,550266-1,literal,64997-52-0,en,literal,beta-sitosterol,literal,10.1248/CPB.36.1180,,
118,uri,http://www.wikidata.org/entity/Q10930143,uri,http://www.wikidata.org/entity/Q104917048,literal,Taxillus theifer,literal,AQTBBFSRSWPHIU-MYYSRTQBSA-N,literal,O=C(OC(C1=CC=C(OC)C(OC)=C1)C(OC2=CC(OC)=C(OC)C=C2CC=C)C)C,literal,913404-1,,,en,literal,"[(1R,2R)-1-(3,4-dimethoxyphenyl)-2-(4,5-dimethoxy-2-prop-2-enylphenoxy)propyl] acetate",literal,10.1080/14786419.2010.529443,,
119,uri,http://www.wikidata.org/entity/Q104865676,uri,http://www.wikidata.org/entity/Q104193958,literal,Scurrula fusca,literal,OXQKEKGBFMQTML-UHFFFAOYSA-N,literal,OCC(O)C(O)C(O)C(O)C(O)CO,literal,551520-1,literal,527-06-0,en,literal,perseitol,literal,10.1248/CPB.50.489,,
120,uri,http://www.wikidata.org/entity/Q15050563,uri,http://www.wikidata.org/entity/Q180912,literal,Taxillus chinensis,literal,DRLFMBDRBRZALE-UHFFFAOYSA-N,literal,CC(=O)NCCC1=CNC2=C1C=C(C=C2)OC,literal,552130-1,literal,73-31-4,en,literal,melatonin,literal,10.1016/S0024-3205(03)00252-2,literal,CHEMBL45
121,uri,http://www.wikidata.org/entity/Q15353988,uri,http://www.wikidata.org/entity/Q105270561,literal,Psittacanthus cucullaris,literal,UDWUZPSSUIWBKB-LAPUEANGSA-N,literal,O=C1OC=2C(OC)=C(OC3OCC(O)C(O)C3O)C=C4C(=O)OC5=C(OC)C(O)=CC1=C5C24,literal,551367-1,,,en,literal,3-O-MethylduchesideA,literal,10.1021/NP980543A,,
122,uri,http://www.wikidata.org/entity/Q15353988,uri,http://www.wikidata.org/entity/Q121802,literal,Psittacanthus cucullaris,literal,KZJWDPNRJALLNS-VJSFXXLFSA-N,literal,CCC(CCC(C)C1CCC2C1(CCC3C2CC=C4C3(CCC(C4)O)C)C)C(C)C,literal,551367-1,literal,19044-06-5,en,literal,beta-sitosterol,literal,10.1021/NP980543A,,
123,uri,http://www.wikidata.org/entity/Q10903128,uri,http://www.wikidata.org/entity/Q15410900,literal,Loranthus tanakae,literal,NPJICTMALKLTFW-OFUAXYCQSA-N,literal,CCC(CCC(C)C1CCC2C1(CCC3C2CC=C4C3(CCC(C4)OC5C(C(C(C(O5)CO)O)O)O)C)C)C(C)C,literal,550266-1,literal,474-58-8,en,literal,sitogluside,literal,10.1248/CPB.36.1180,literal,CHEMBL506678
124,uri,http://www.wikidata.org/entity/Q15356475,uri,http://www.wikidata.org/entity/Q105276092,literal,Tripodanthus acutifolius,literal,UNPNZVOVXZXVPA-XIXKKTEDSA-N,literal,OC1=CC=C(C=C1O)CCC(OC2OC(CO)C(O)C(O)C2O)C,literal,552219-1,,,en,literal,Tripodantoside,literal,10.1016/J.JEP.2010.05.015,,
125,uri,http://www.wikidata.org/entity/Q5256810,uri,http://www.wikidata.org/entity/Q104950951,literal,Dendrophthoe falcata,literal,CACUJZIALZRTTC-VOAUEXJWSA-N,literal,O=C(OC1CCC2(C)C(CCC3(C)C2CCC4C5C(C(=O)C)CCC5(C)CCC43C)C1(C)C)C,literal,548263-1,,,en,literal,"[(1R,3aR,5aR,5bR,7aR,9S,11aR,11bR,13aR,13bS)-1-acetyl-3a,5a,5b,8,8,11a-hexamethyl-1,2,3,4,5,6,7,7a,9,10,11,11b,12,13,13a,13b-hexadecahydrocyclopenta[a]chrysen-9-yl] acetate",literal,10.1248/CPB.54.740,,
126,uri,http://www.wikidata.org/entity/Q14623244,uri,http://www.wikidata.org/entity/Q106039677,literal,Scurrula parasitica,literal,LGZSARJAXHVXEV-YEJVQPDVSA-N,literal,O=C1OC2CC3(C)C(O)(C4OC4C53OC5)C1C2C(O)(C)C,literal,551550-1,,,en,literal,coriatin,literal,10.1248/CPB.35.182,,
127,uri,http://www.wikidata.org/entity/Q15353988,uri,http://www.wikidata.org/entity/Q105229819,literal,Psittacanthus cucullaris,literal,QXQRDKINPINYFD-SCBIHCBJSA-N,literal,O=C1OC=2C(OC)=C(OC3OCC(O)C(O)C3O)C=C4C(=O)OC5=C(OC)C(OC)=CC1=C5C24,literal,551367-1,,,en,literal,"6,7,14-trimethoxy-13-{[(2S,3R,4S,5R)-3,4,5-trihydroxyoxan-2-yl]oxy}-2,9-dioxatetracyclo[6.6.2.0⁴,¹⁶.0¹¹,¹⁵]hexadeca-1(15),4(16),5,7,11,13-hexaene-3,10-dione",literal,10.1021/NP980543A,,
128,uri,http://www.wikidata.org/entity/Q10914052,uri,http://www.wikidata.org/entity/Q105014816,literal,Loranthus kaoi,literal,GPGFGFUBECSNTG-SFTVRKLSSA-N,literal,O=C1C2=C(O)C=C(OC3OC(CO)C(O)C(O)C3O)C=C2OC(C=4C=CC=CC4)C1,literal,912765-1,,,en,literal,Pinocembrin-7-O-D-glucoside,literal,10.38212/2224-6614.2870,,
129,uri,http://www.wikidata.org/entity/Q104865676,uri,http://www.wikidata.org/entity/Q105202868,literal,Scurrula fusca,literal,OXQKEKGBFMQTML-IECVIRLLSA-N,literal,OCC(O)C(O)C(O)C(O)C(O)CO,literal,551520-1,,,en,literal,"(2R,3R,4S,5R,6S)-heptane-1,2,3,4,5,6,7-heptol",literal,10.1248/CPB.50.489,,
130,uri,http://www.wikidata.org/entity/Q5256810,uri,http://www.wikidata.org/entity/Q105331714,literal,Dendrophthoe falcata,literal,XNJAMPWVGPBWJX-UPMILAHOSA-N,literal,O=C(OC1CCC2(C)C(CCC3(C)C2CCC4C5C(CCC5(C)CCC43C)C(C(=O)O)C)C1(C)C)C,literal,548263-1,,,en,literal,(20S)-3beta-Acetoxylupa-29-oic acid,literal,10.1248/CPB.54.740,,
131,uri,http://www.wikidata.org/entity/Q18074496,uri,http://www.wikidata.org/entity/Q121802,literal,Hyphear tanakae,literal,KZJWDPNRJALLNS-VJSFXXLFSA-N,literal,CCC(CCC(C)C1CCC2C1(CCC3C2CC=C4C3(CCC(C4)O)C)C)C(C)C,literal,548829-1,literal,19044-06-5,en,literal,beta-sitosterol,literal,10.1248/CPB.36.1180,,
132,uri,http://www.wikidata.org/entity/Q164391,uri,http://www.wikidata.org/entity/Q105154811,literal,Loranthus europaeus,literal,LOMXQCXSNSCLNP-KEXGRDQZSA-N,literal,O=C1C(OC2OC(C)C(O)C(O)C2O)=C(OC3=CC(OC)=CC(O)=C13)C=4C=CC(O)=C(O)C4,literal,549404-1,,,en,literal,"2-(3,4-dihydroxyphenyl)-5-hydroxy-7-methoxy-3-[(2S,3S,4R,5R,6S)-3,4,5-trihydroxy-6-methyloxan-2-yl]oxychromen-4-one",literal,10.1021/NP50036A034,,
133,uri,http://www.wikidata.org/entity/Q15354793,uri,http://www.wikidata.org/entity/Q105202673,literal,Scurrula atropurpurea,literal,OXGUCUVFOIWWQJ-LDWSSRBJSA-N,literal,O=C1C(OC2OC(C)C(O)C(O)C2O)=C(OC=3C=C(O)C=C(O)C13)C=4C=CC(O)=C(O)C4,literal,551495-1,,,en,literal,"3-(6-Deoxy-alpha-L-glucopyranosyloxy)-2-(3,4-dihydroxyphenyl)-5,7-dihydroxy-4H-1-benzopyran-4-one",literal,10.1248/CPB.51.343,,
134,uri,http://www.wikidata.org/entity/Q18074496,uri,http://www.wikidata.org/entity/Q105286733,literal,Hyphear tanakae,literal,VIBQTHVPSCUSGA-UHFFFAOYSA-N,literal,O=C(OC1CCC2(C)C3CCC4C5C(C(=C)C)CCC5(C)CC(O)C4(C)C3(C)C(O)CC2C1(C)C)CCCCCCCCCCCCCCC,literal,548829-1,,,en,literal,"(5,6-Dihydroxy-3a,5a,5b,8,8,11a-hexamethyl-1-prop-1-en-2-yl-1,2,3,4,5,6,7,7a,9,10,11,11b,12,13,13a,13b-hexadecahydrocyclopenta[a]chrysen-9-yl) hexadecanoate",literal,10.1248/CPB.36.1180,,
135,uri,http://www.wikidata.org/entity/Q18075063,uri,http://www.wikidata.org/entity/Q105345106,literal,Ileostylus micranthus,literal,XZQNIGOVYWOROY-ZLNDBNLZSA-N,literal,O=C1OC(=C2C(=C1)C3(C)C4OC4CC5(C(=O)OC(C2O)C53)C)C(C)C,literal,548834-1,,,en,literal,3-deoxy Nagilactone C,literal,10.1021/NP50077A015,,
136,uri,http://www.wikidata.org/entity/Q5256810,uri,http://www.wikidata.org/entity/Q105132845,literal,Dendrophthoe falcata,literal,JPJFFXBKQYGGMF-OPRPSYRCSA-N,literal,O=C(OC1CCC2(C)C3C(=O)C=C4C5C(C)C(C)CCC5(C)CCC4(C)C3(C)CCC2C1(C)C)C,literal,548263-1,,,en,literal,3|A-Acetoxyurs-12-en-11-one,literal,10.1248/CPB.54.740,,
137,uri,http://www.wikidata.org/entity/Q14623244,uri,http://www.wikidata.org/entity/Q104193930,literal,Scurrula parasitica,literal,OXGUCUVFOIWWQJ-UHFFFAOYSA-N,literal,O=C1C(OC2OC(C)C(O)C(O)C2O)=C(OC=3C=C(O)C=C(O)C13)C=4C=CC(O)=C(O)C4,literal,551550-1,,,en,literal,quercitrin,literal,10.1248/CPB.51.343,,
138,uri,http://www.wikidata.org/entity/Q65936252,uri,http://www.wikidata.org/entity/Q104950951,literal,Dendrophthoe longiflora,literal,CACUJZIALZRTTC-VOAUEXJWSA-N,literal,O=C(OC1CCC2(C)C(CCC3(C)C2CCC4C5C(C(=O)C)CCC5(C)CCC43C)C1(C)C)C,literal,548312-1,,,en,literal,"[(1R,3aR,5aR,5bR,7aR,9S,11aR,11bR,13aR,13bS)-1-acetyl-3a,5a,5b,8,8,11a-hexamethyl-1,2,3,4,5,6,7,7a,9,10,11,11b,12,13,13a,13b-hexadecahydrocyclopenta[a]chrysen-9-yl] acetate",literal,10.1248/CPB.54.740,,
139,uri,http://www.wikidata.org/entity/Q18074496,uri,http://www.wikidata.org/entity/Q105255902,literal,Hyphear tanakae,literal,SMGALHQWCQAJSC-UHFFFAOYSA-N,literal,O=C1C(OC2OC(C)C(O)C(O)C2O)=C(OC3=CC(OC)=CC(O)=C13)C=4C=CC(O)=CC4,literal,548829-1,,,en,literal,"5-Hydroxy-2-(4-hydroxyphenyl)-7-methoxy-3-(3,4,5-trihydroxy-6-methyloxan-2-yl)oxychromen-4-one",literal,10.1248/CPB.36.1180,,
140,uri,http://www.wikidata.org/entity/Q18074496,uri,http://www.wikidata.org/entity/Q105289469,literal,Hyphear tanakae,literal,VNBGHGMZQVPXNW-UHFFFAOYSA-N,literal,O=C(OC1CCC2(C)C3CCC4C5C(C(=C)C)CCC5(C)CC(O)C4(C)C3(C)C(O)CC2C1(C)C)CCCCCCCCCCCCCCCCC,literal,548829-1,,,en,literal,"(5,6-Dihydroxy-3a,5a,5b,8,8,11a-hexamethyl-1-prop-1-en-2-yl-1,2,3,4,5,6,7,7a,9,10,11,11b,12,13,13a,13b-hexadecahydrocyclopenta[a]chrysen-9-yl) octadecanoate",literal,10.1248/CPB.36.1180,,
141,uri,http://www.wikidata.org/entity/Q65936252,uri,http://www.wikidata.org/entity/Q105331714,literal,Dendrophthoe longiflora,literal,XNJAMPWVGPBWJX-UPMILAHOSA-N,literal,O=C(OC1CCC2(C)C(CCC3(C)C2CCC4C5C(CCC5(C)CCC43C)C(C(=O)O)C)C1(C)C)C,literal,548312-1,,,en,literal,(20S)-3beta-Acetoxylupa-29-oic acid,literal,10.1248/CPB.54.740,,
142,uri,http://www.wikidata.org/entity/Q10958342,uri,http://www.wikidata.org/entity/Q105342367,literal,Taxillus kaempferi,literal,XUJNKPZDIVKHBE-UHFFFAOYSA-N,literal,O=C(OCC1OC(OC2C(=O)C=3C(O)=CC(O)=CC3OC2C4=CC=C(O)C(O)=C4)C(O)C(O)C1O)C5=CC(O)=C(O)C(O)=C5,literal,552147-1,,,en,literal,"[6-[[2-(3,4-Dihydroxyphenyl)-5,7-dihydroxy-4-oxo-2,3-dihydrochromen-3-yl]oxy]-3,4,5-trihydroxyoxan-2-yl]methyl 3,4,5-trihydroxybenzoate",literal,10.1246/CL.1978.259,,
143,uri,http://www.wikidata.org/entity/Q15236027,uri,http://www.wikidata.org/entity/Q1649777,literal,Scurrula ferruginea,literal,OXGUCUVFOIWWQJ-HQBVPOQASA-N,literal,CC1C(C(C(C(O1)OC2=C(OC3=CC(=CC(=C3C2=O)O)O)C4=CC(=C(C=C4)O)O)O)O)O,literal,551519-1,literal,522-12-3,en,literal,quercitrin,literal,10.1515/ZNC-2002-11-1224,literal,CHEMBL82242
144,uri,http://www.wikidata.org/entity/Q10930143,uri,http://www.wikidata.org/entity/Q105216816,literal,Taxillus theifer,literal,PYVVKTYHVHGNMI-VNCVQCAHSA-N,literal,O=C(OC(C1=CC=C(OC)C(OC)=C1)C(OC2=CC=C(C=CC)C=C2OC)C)C,literal,913404-1,,,en,literal,"[(1S,2S)-1-(3,4-dimethoxyphenyl)-2-[2-methoxy-4-[(E)-prop-1-enyl]phenoxy]propyl] acetate",literal,10.1080/14786419.2010.529443,,
145,uri,http://www.wikidata.org/entity/Q18074496,uri,http://www.wikidata.org/entity/Q115952079,literal,Hyphear tanakae,literal,WOGSMORPVRYINS-UHFFFAOYSA-N,literal,O=C(OC1CCC2(C)C3CCC4C5C(C(=C)C)CCC5(C)CC(O)C4(C)C3(C)C(O)CC2C1(C)C)CCCCCCCCCCCCCCCCCCCCCCC,literal,548829-1,,,en,literal,"(5,6-Dihydroxy-3a,5a,5b,8,8,11a-hexamethyl-1-prop-1-en-2-yl-1,2,3,4,5,6,7,7a,9,10,11,11b,12,13,13a,13b-hexadecahydrocyclopenta[a]chrysen-9-yl) tetracosanoate",literal,10.1248/CPB.36.1180,,
146,uri,http://www.wikidata.org/entity/Q15354793,uri,http://www.wikidata.org/entity/Q15410250,literal,Scurrula atropurpurea,literal,FPJFPMQEUVMUKU-CDDCGRQRSA-N,literal,CC1C(C(C(C(O1)OCC2C(CC3=CC(=C(C=C3C2C4=CC(=C(C=C4)O)OC)O)OC)CO)O)O)O,literal,551495-1,,,en,literal,Aviculin,literal,10.1248/CPB.51.343,literal,CHEMBL2332673
147,uri,http://www.wikidata.org/entity/Q18075063,uri,http://www.wikidata.org/entity/Q105312039,literal,Ileostylus micranthus,literal,WSQWPVHORPUSOR-CGHNLBQJSA-N,literal,OC1CCC2(C)C(CCC3C4CCC(C(C)CC=C(CC)C(C)C)C4(C)CCC32)C1,literal,548834-1,,,en,literal,"(3S,5S,8R,9S,10S,13R,14S,17R)-17-[(E,2R)-5-ethyl-6-methylhept-4-en-2-yl]-10,13-dimethyl-2,3,4,5,6,7,8,9,11,12,14,15,16,17-tetradecahydro-1H-cyclopenta[a]phenanthren-3-ol",literal,10.1016/J.PHYTOL.2011.07.011,,
148,uri,http://www.wikidata.org/entity/Q10903128,uri,http://www.wikidata.org/entity/Q115951756,literal,Loranthus tanakae,literal,SECUUYKZNJZFAK-UHFFFAOYSA-N,literal,O=C(OC1CCC2(C)C3CCC4C5C(C(=C)C)CCC5(C)CC(O)C4(C)C3(C)C(O)CC2C1(C)C)CCCCCCCCCCCCCCCCCCCCC,literal,550266-1,,,en,literal,"(5,6-Dihydroxy-3a,5a,5b,8,8,11a-hexamethyl-1-prop-1-en-2-yl-1,2,3,4,5,6,7,7a,9,10,11,11b,12,13,13a,13b-hexadecahydrocyclopenta[a]chrysen-9-yl) docosanoate",literal,10.1248/CPB.36.1180,,
149,uri,http://www.wikidata.org/entity/Q18074496,uri,http://www.wikidata.org/entity/Q15410999,literal,Hyphear tanakae,literal,VXZBFBRLRNDJCS-UHFFFAOYSA-N,literal,CCCCCCCCCCCCCCCCCCCCCCCCCCC(=O)O,literal,548829-1,literal,7138-40-1,en,literal,heptacosanoic acid,literal,10.1248/CPB.36.1180,,
150,uri,http://www.wikidata.org/entity/Q15353988,uri,http://www.wikidata.org/entity/Q121802,literal,Psittacanthus cucullaris,literal,KZJWDPNRJALLNS-VJSFXXLFSA-N,literal,CCC(CCC(C)C1CCC2C1(CCC3C2CC=C4C3(CCC(C4)O)C)C)C(C)C,literal,551367-1,literal,83-46-5,en,literal,beta-sitosterol,literal,10.1021/NP980543A,,
151,uri,http://www.wikidata.org/entity/Q15354793,uri,http://www.wikidata.org/entity/Q104919288,literal,Scurrula atropurpurea,literal,AVAZTTIAQSFWRK-JKPLZBKSSA-N,literal,OC1=CC=C(C=C1OC)C2C3=CC(O)=C(OC)C=C3CC(OC)C2COC4OC(C)C(O)C(O)C4O,literal,551495-1,,,en,literal,"(2R,3R,4R,5R,6S)-2-[[(1S,2S,3R)-7-hydroxy-1-(4-hydroxy-3-methoxyphenyl)-3,6-dimethoxy-1,2,3,4-tetrahydronaphthalen-2-yl]methoxy]-6-methyloxane-3,4,5-triol",literal,10.1248/CPB.51.343,,
152,uri,http://www.wikidata.org/entity/Q65936252,uri,http://www.wikidata.org/entity/Q105132845,literal,Dendrophthoe longiflora,literal,JPJFFXBKQYGGMF-OPRPSYRCSA-N,literal,O=C(OC1CCC2(C)C3C(=O)C=C4C5C(C)C(C)CCC5(C)CCC4(C)C3(C)CCC2C1(C)C)C,literal,548312-1,,,en,literal,3|A-Acetoxyurs-12-en-11-one,literal,10.1248/CPB.54.740,,
153,uri,http://www.wikidata.org/entity/Q14623244,uri,http://www.wikidata.org/entity/Q115971987,literal,Scurrula parasitica,literal,LGZSARJAXHVXEV-UHFFFAOYSA-N,literal,O=C1OC2CC3(C)C(O)(C4OC4C53OC5)C1C2C(O)(C)C,literal,551550-1,,,en,literal,CID 73813185,literal,10.1142/S0192415X14500025,,
154,uri,http://www.wikidata.org/entity/Q18074496,uri,http://www.wikidata.org/entity/Q115952439,literal,Hyphear tanakae,literal,KVQXXBQOZHLGBV-UHFFFAOYSA-N,literal,O=C(OC1CCC2(C)C3CCC4C5C(C(=C)C)CCC5(C)CC(O)C4(C)C3(C)C(O)CC2C1(C)C)CCCCCCCCCCCCCCCCCCC,literal,548829-1,,,en,literal,"(5,6-Dihydroxy-3a,5a,5b,8,8,11a-hexamethyl-1-prop-1-en-2-yl-1,2,3,4,5,6,7,7a,9,10,11,11b,12,13,13a,13b-hexadecahydrocyclopenta[a]chrysen-9-yl) icosanoate",literal,10.1248/CPB.36.1180,,
155,uri,http://www.wikidata.org/entity/Q18074496,uri,http://www.wikidata.org/entity/Q121802,literal,Hyphear tanakae,literal,KZJWDPNRJALLNS-VJSFXXLFSA-N,literal,CCC(CCC(C)C1CCC2C1(CCC3C2CC=C4C3(CCC(C4)O)C)C)C(C)C,literal,548829-1,literal,83-46-5,en,literal,beta-sitosterol,literal,10.1248/CPB.36.1180,,
156,uri,http://www.wikidata.org/entity/Q18075063,uri,http://www.wikidata.org/entity/Q105112477,literal,Ileostylus micranthus,literal,IFYRIBWUCBXOPI-NWGMYNHESA-N,literal,O=C1C=C2C3CCC(C(=C)CCC(CC)C(C)C)C3(C)CCC2C4(C)CCC(O)CC14,literal,548834-1,,,en,literal,"(3S,5S,9R,10R,13R,14R,17R)-17-[(5R)-5-ethyl-6-methylhept-1-en-2-yl]-3-hydroxy-10,13-dimethyl-1,2,3,4,5,9,11,12,14,15,16,17-dodecahydrocyclopenta[a]phenanthren-6-one",literal,10.1016/J.PHYTOL.2011.07.011,,
157,uri,http://www.wikidata.org/entity/Q135391,uri,http://www.wikidata.org/entity/Q384111,literal,Nuytsia floribunda,literal,QGJZLNKBHJESQX-FZFNOLFKSA-N,literal,CC(=C)C1CCC2(C1C3CCC4C5(CCC(C(C5CCC4(C3(CC2)C)C)(C)C)O)C)C(=O)O,literal,550616-1,literal,472-15-1,en,literal,betulinic acid,literal,10.1039/JR9520004065,literal,CHEMBL269277
158,uri,http://www.wikidata.org/entity/Q10903128,uri,http://www.wikidata.org/entity/Q422590,literal,Loranthus tanakae,literal,UKMSUNONTOPOIO-UHFFFAOYSA-N,literal,CCCCCCCCCCCCCCCCCCCCCC(=O)O,literal,550266-1,literal,112-85-6,en,literal,behenic acid,literal,10.1248/CPB.36.1180,literal,CHEMBL1173474
159,uri,http://www.wikidata.org/entity/Q15354793,uri,http://www.wikidata.org/entity/Q23050136,literal,Scurrula atropurpurea,literal,PFTAWBLQPZVEMU-UKRRQHHQSA-N,literal,C1C(C(OC2=CC(=CC(=C21)O)O)C3=CC(=C(C=C3)O)O)O,literal,551495-1,literal,490-46-0,en,literal,(−)-epicatechin,literal,10.1248/CPB.51.343,literal,CHEMBL583912
160,uri,http://www.wikidata.org/entity/Q15354793,uri,http://www.wikidata.org/entity/Q60235,literal,Scurrula atropurpurea,literal,RYYVLZVUVIJVGH-UHFFFAOYSA-N,literal,CN1C=NC2=C1C(=O)N(C(=O)N2C)C,literal,551495-1,literal,58-08-2,en,literal,caffeine,literal,10.1248/CPB.51.343,literal,CHEMBL113
161,uri,http://www.wikidata.org/entity/Q10914052,uri,http://www.wikidata.org/entity/Q27115730,literal,Loranthus kaoi,literal,PFTAWBLQPZVEMU-HIFRSBDPSA-N,literal,C1C(C(OC2=CC(=CC(=C21)O)O)C3=CC(=C(C=C3)O)O)O,literal,912765-1,literal,18829-70-4,en,literal,(-)-catechin,literal,10.38212/2224-6614.2870,literal,CHEMBL200715
162,uri,http://www.wikidata.org/entity/Q10903128,uri,http://www.wikidata.org/entity/Q83044071,literal,Loranthus tanakae,literal,LOMXQCXSNSCLNP-UFGFRKJLSA-N,literal,O=C1C(OC2OC(C)C(O)C(O)C2O)=C(OC3=CC(OC)=CC(O)=C13)C=4C=CC(O)=C(O)C4,literal,550266-1,literal,20188-83-4,en,literal,Rhamnetin-3-rhamnoside,literal,10.1248/CPB.36.1180,,
163,uri,http://www.wikidata.org/entity/Q15354793,uri,http://www.wikidata.org/entity/Q206844,literal,Scurrula atropurpurea,literal,YAPQBXQYLJRXSA-UHFFFAOYSA-N,literal,CN1C=NC2=C1C(=O)NC(=O)N2C,literal,551495-1,literal,83-67-0,en,literal,theobromine,literal,10.1248/CPB.51.343,literal,CHEMBL1114
164,uri,http://www.wikidata.org/entity/Q18075063,uri,http://www.wikidata.org/entity/Q76005848,literal,Ileostylus micranthus,literal,DGNOPGIIPQKNHD-RSKPZANQSA-N,literal,O=C1OC(=C2C(=C1)C3(C)C4OC4C(O)C5(C(=O)OC(C2O)C53)C)C(C)C,literal,548834-1,literal,24338-53-2,en,literal,"(1S,2S,4R,5R,6R,9S,10R,17R)-5,10-dihydroxy-1,6-dimethyl-12-propan-2-yl-3,8,13-trioxapentacyclo[7.7.1.02,4.06,17.011,16]heptadeca-11,15-diene-7,14-dione",literal,10.1021/NP50077A015,,
165,uri,http://www.wikidata.org/entity/Q15356475,uri,http://www.wikidata.org/entity/Q407857,literal,Tripodanthus acutifolius,literal,IKGXIBQEEMLURG-NVPNHPEKSA-N,literal,CC1C(C(C(C(O1)OCC2C(C(C(C(O2)OC3=C(OC4=CC(=CC(=C4C3=O)O)O)C5=CC(=C(C=C5)O)O)O)O)O)O)O)O,literal,552219-1,literal,153-18-4,en,literal,rutin,literal,10.1016/J.JEP.2010.05.015,literal,CHEMBL226335
166,uri,http://www.wikidata.org/entity/Q164391,uri,http://www.wikidata.org/entity/Q83044071,literal,Loranthus europaeus,literal,LOMXQCXSNSCLNP-UFGFRKJLSA-N,literal,O=C1C(OC2OC(C)C(O)C(O)C2O)=C(OC3=CC(OC)=CC(O)=C13)C=4C=CC(O)=C(O)C4,literal,549404-1,literal,20188-83-4,en,literal,Rhamnetin-3-rhamnoside,literal,10.1021/NP50036A034,,
167,uri,http://www.wikidata.org/entity/Q15356030,uri,http://www.wikidata.org/entity/Q415007,literal,Taxillus liquidambaricola,literal,PFTAWBLQPZVEMU-DZGCQCFKSA-N,literal,C1C(C(OC2=CC(=CC(=C21)O)O)C3=CC(=C(C=C3)O)O)O,literal,552150-1,literal,154-23-4,en,literal,(+)-catechin,literal,10.1016/0031-9422(93)85370-7,literal,CHEMBL311498
168,uri,http://www.wikidata.org/entity/Q15236027,uri,http://www.wikidata.org/entity/Q409478,literal,Scurrula ferruginea,literal,REFJWTPEDVJJIY-UHFFFAOYSA-N,literal,C1=CC(=C(C=C1C2=C(C(=O)C3=C(C=C(C=C3O2)O)O)O)O)O,literal,551519-1,literal,117-39-5,en,literal,quercetin,literal,10.1515/ZNC-2002-11-1224,literal,CHEMBL50
169,uri,http://www.wikidata.org/entity/Q135391,uri,http://www.wikidata.org/entity/Q418628,literal,Nuytsia floribunda,literal,MIJYXULNPSFWEK-GTOFXWBISA-N,literal,CC1(CCC2(CCC3(C(=CCC4C3(CCC5C4(CCC(C5(C)C)O)C)C)C2C1)C)C(=O)O)C,literal,550616-1,literal,508-02-1,en,literal,oleanolic acid,literal,10.1039/JR9520004065,literal,CHEMBL168
170,uri,http://www.wikidata.org/entity/Q15354793,uri,http://www.wikidata.org/entity/Q82256773,literal,Scurrula atropurpurea,literal,ZRDMQHHJJMWDNV-UHFFFAOYSA-N,literal,CCCCCC#CC#CC#CCCCCCCC(=O)O,literal,551495-1,literal,203399-13-7,en,literal,"8,10,12-Octadecatriynoic acid",literal,10.1248/CPB.51.343,,
171,uri,http://www.wikidata.org/entity/Q10958342,uri,http://www.wikidata.org/entity/Q9163056,literal,Taxillus kaempferi,literal,BDCDNTVZSILEOY-UXYNSRGZSA-N,literal,C1=CC(=C(C=C1C2=C(C(=O)C3=C(C=C(C=C3O2)O)O)OC4C(C(C(O4)CO)O)O)O)O,literal,552147-1,literal,572-30-5,en,literal,avicularin,literal,10.1248/YAKUSHI1947.116.2_148,literal,CHEMBL471282
172,uri,http://www.wikidata.org/entity/Q15354793,uri,http://www.wikidata.org/entity/Q27116668,literal,Scurrula atropurpurea,literal,ZQPPMHVWECSIRJ-UHFFFAOYSA-N,literal,CCCCCCCCC=CCCCCCCCC(=O)O,literal,551495-1,literal,2027-47-6,en,literal,octadec-9-enoic acid,literal,10.1248/CPB.51.343,,
173,uri,http://www.wikidata.org/entity/Q15356475,uri,http://www.wikidata.org/entity/Q5242815,literal,Tripodanthus acutifolius,literal,OVSQVDMCBVZWGM-DTGCRPNFSA-N,literal,C1=CC(=C(C=C1C2=C(C(=O)C3=C(C=C(C=C3O2)O)O)OC4C(C(C(C(O4)CO)O)O)O)O)O,literal,552219-1,literal,482-36-0,en,literal,hyperoside,literal,10.1016/J.JEP.2010.05.015,,
174,uri,http://www.wikidata.org/entity/Q15354793,uri,http://www.wikidata.org/entity/Q27286664,literal,Scurrula atropurpurea,literal,DTOSIQBPPRVQHS-IUQGRGSQSA-N,literal,CCC=CCC=CCC=CCCCCCCCC(=O)O,literal,551495-1,literal,28290-79-1,en,literal,elaidolinolenic acid,literal,10.1248/CPB.51.343,,
175,uri,http://www.wikidata.org/entity/Q18074496,uri,http://www.wikidata.org/entity/Q409608,literal,Hyphear tanakae,literal,VKOBVWXKNCXXDE-UHFFFAOYSA-N,literal,CCCCCCCCCCCCCCCCCCCC(=O)O,literal,548829-1,literal,506-30-9,en,literal,arachidic acid,literal,10.1248/CPB.36.1180,literal,CHEMBL1173381
176,uri,http://www.wikidata.org/entity/Q10958342,uri,http://www.wikidata.org/entity/Q5242815,literal,Taxillus kaempferi,literal,OVSQVDMCBVZWGM-DTGCRPNFSA-N,literal,C1=CC(=C(C=C1C2=C(C(=O)C3=C(C=C(C=C3O2)O)O)OC4C(C(C(C(O4)CO)O)O)O)O)O,literal,552147-1,literal,482-36-0,en,literal,hyperoside,literal,10.1248/YAKUSHI1947.116.2_148,,
177,uri,http://www.wikidata.org/entity/Q10958342,uri,http://www.wikidata.org/entity/Q7247553,literal,Taxillus kaempferi,literal,XFZJEEAOWLFHDH-AVFWISQGSA-N,literal,C1C(C(OC2=C1C(=CC(=C2C3C(C(OC4=CC(=CC(=C34)O)O)C5=CC(=C(C=C5)O)O)O)O)O)C6=CC(=C(C=C6)O)O)O,literal,552147-1,literal,23567-23-9,en,literal,procyanidin B3,literal,10.1248/YAKUSHI1947.116.2_148,literal,CHEMBL501490
178,uri,http://www.wikidata.org/entity/Q5256810,uri,http://www.wikidata.org/entity/Q375837,literal,Dendrophthoe falcata,literal,LNTHITQWFMADLM-UHFFFAOYSA-N,literal,C1=C(C=C(C(=C1O)O)O)C(=O)O,literal,548263-1,literal,149-91-7,en,literal,gallic acid,literal,10.1248/CPB.54.740,literal,CHEMBL288114
179,uri,http://www.wikidata.org/entity/Q10914052,uri,http://www.wikidata.org/entity/Q415007,literal,Loranthus kaoi,literal,PFTAWBLQPZVEMU-DZGCQCFKSA-N,literal,C1C(C(OC2=CC(=CC(=C21)O)O)C3=CC(=C(C=C3)O)O)O,literal,912765-1,literal,154-23-4,en,literal,(+)-catechin,literal,10.38212/2224-6614.2870,literal,CHEMBL311498
180,uri,http://www.wikidata.org/entity/Q10903128,uri,http://www.wikidata.org/entity/Q409608,literal,Loranthus tanakae,literal,VKOBVWXKNCXXDE-UHFFFAOYSA-N,literal,CCCCCCCCCCCCCCCCCCCC(=O)O,literal,550266-1,literal,506-30-9,en,literal,arachidic acid,literal,10.1248/CPB.36.1180,literal,CHEMBL1173381
181,uri,http://www.wikidata.org/entity/Q15354793,uri,http://www.wikidata.org/entity/Q27164304,literal,Scurrula atropurpurea,literal,DTOSIQBPPRVQHS-UHFFFAOYSA-N,literal,CCC=CCC=CCC=CCCCCCCCC(=O)O,literal,551495-1,literal,1955-33-5,en,literal,"octadeca-9,12,15-trienoic acid",literal,10.1248/CPB.51.343,literal,CHEMBL3560296
182,uri,http://www.wikidata.org/entity/Q18074496,uri,http://www.wikidata.org/entity/Q422634,literal,Hyphear tanakae,literal,QZZGJDVWLFXDLK-UHFFFAOYSA-N,literal,CCCCCCCCCCCCCCCCCCCCCCCC(=O)O,literal,548829-1,literal,557-59-5,en,literal,lignoceric acid,literal,10.1248/CPB.36.1180,literal,CHEMBL1173620
183,uri,http://www.wikidata.org/entity/Q10903128,uri,http://www.wikidata.org/entity/Q422634,literal,Loranthus tanakae,literal,QZZGJDVWLFXDLK-UHFFFAOYSA-N,literal,CCCCCCCCCCCCCCCCCCCCCCCC(=O)O,literal,550266-1,literal,557-59-5,en,literal,lignoceric acid,literal,10.1248/CPB.36.1180,literal,CHEMBL1173620
184,uri,http://www.wikidata.org/entity/Q5256810,uri,http://www.wikidata.org/entity/Q3334749,literal,Dendrophthoe falcata,literal,SOSLMHZOJATCCP-AEIZVZFYSA-N,literal,CC1C(C(C(C(O1)OC2=C(OC3=CC(=CC(=C3C2=O)O)O)C4=CC=C(C=C4)O)O)O)O,literal,548263-1,literal,482-39-3,en,literal,afzelin,literal,10.1248/CPB.54.740,literal,CHEMBL240528
185,uri,http://www.wikidata.org/entity/Q15356475,uri,http://www.wikidata.org/entity/Q27103621,literal,Tripodanthus acutifolius,literal,OPJZLUXFQFQYAI-GNPVFZCLSA-N,literal,C1=CC(=C(C=C1C2=C(C(=O)C3=C(C=C(C=C3O2)O)O)OC4C(C(C(O4)C(CO)O)O)O)O)O,literal,552219-1,literal,21637-25-2,en,literal,isoquercitrin,literal,10.1016/J.JEP.2010.05.015,,
186,uri,http://www.wikidata.org/entity/Q15354793,uri,http://www.wikidata.org/entity/Q256502,literal,Scurrula atropurpurea,literal,DTOSIQBPPRVQHS-PDBXOOCHSA-N,literal,CCC=CCC=CCC=CCCCCCCCC(=O)O,literal,551495-1,literal,463-40-1,en,literal,alpha-linolenic acid,literal,10.1248/CPB.51.343,literal,CHEMBL8739
187,uri,http://www.wikidata.org/entity/Q65936252,uri,http://www.wikidata.org/entity/Q3334749,literal,Dendrophthoe longiflora,literal,SOSLMHZOJATCCP-AEIZVZFYSA-N,literal,CC1C(C(C(C(O1)OC2=C(OC3=CC(=CC(=C3C2=O)O)O)C4=CC=C(C=C4)O)O)O)O,literal,548312-1,literal,482-39-3,en,literal,afzelin,literal,10.1248/CPB.54.740,literal,CHEMBL240528
188,uri,http://www.wikidata.org/entity/Q14623244,uri,http://www.wikidata.org/entity/Q2997284,literal,Scurrula parasitica,literal,BWWDLKVKPVKBGJ-TWMZOSGRSA-N,literal,CC(=C)C1C2CC3(C4(CO4)C5C(C3(C1C(=O)O2)O)O5)C,literal,551550-1,literal,2571-86-0,en,literal,coriamyrtin,literal,10.1248/CPB.35.182,,
189,uri,http://www.wikidata.org/entity/Q15353988,uri,http://www.wikidata.org/entity/Q375837,literal,Psittacanthus cucullaris,literal,LNTHITQWFMADLM-UHFFFAOYSA-N,literal,C1=C(C=C(C(=C1O)O)O)C(=O)O,literal,551367-1,literal,149-91-7,en,literal,gallic acid,literal,10.1021/NP980543A,literal,CHEMBL288114
190,uri,http://www.wikidata.org/entity/Q15354793,uri,http://www.wikidata.org/entity/Q407426,literal,Scurrula atropurpurea,literal,OYHQOLUKZRVURQ-HZJYTTRNSA-N,literal,CCCCCC=CCC=CCCCCCCCC(=O)O,literal,551495-1,literal,60-33-3,en,literal,linoleic acid,literal,10.1248/CPB.51.343,literal,CHEMBL267476
191,uri,http://www.wikidata.org/entity/Q15354793,uri,http://www.wikidata.org/entity/Q407857,literal,Scurrula atropurpurea,literal,IKGXIBQEEMLURG-NVPNHPEKSA-N,literal,CC1C(C(C(C(O1)OCC2C(C(C(C(O2)OC3=C(OC4=CC(=CC(=C4C3=O)O)O)C5=CC(=C(C=C5)O)O)O)O)O)O)O)O,literal,551495-1,literal,153-18-4,en,literal,rutin,literal,10.1248/CPB.51.343,literal,CHEMBL226335
192,uri,http://www.wikidata.org/entity/Q15356475,uri,http://www.wikidata.org/entity/Q23058965,literal,Tripodanthus acutifolius,literal,RTATXGUCZHCSNG-QHWHWDPRSA-N,literal,CC1C(C(C(C(O1)OCC2C(C(C(C(O2)OC3=C(OC4=CC(=CC(=C4C3=O)O)O)C5=CC=C(C=C5)O)O)O)O)O)O)O,literal,552219-1,literal,17650-84-9,en,literal,nictoflorin,literal,10.1016/J.JEP.2010.05.015,literal,CHEMBL498879
193,uri,http://www.wikidata.org/entity/Q18074496,uri,http://www.wikidata.org/entity/Q83044071,literal,Hyphear tanakae,literal,LOMXQCXSNSCLNP-UFGFRKJLSA-N,literal,O=C1C(OC2OC(C)C(O)C(O)C2O)=C(OC3=CC(OC)=CC(O)=C13)C=4C=CC(O)=C(O)C4,literal,548829-1,literal,20188-83-4,en,literal,Rhamnetin-3-rhamnoside,literal,10.1248/CPB.36.1180,,
194,uri,http://www.wikidata.org/entity/Q18074496,uri,http://www.wikidata.org/entity/Q425004,literal,Hyphear tanakae,literal,HCXVJBMSMIARIN-PHZDYDNGSA-N,literal,CCC(C=CC(C)C1CCC2C1(CCC3C2CC=C4C3(CCC(C4)O)C)C)C(C)C,literal,548829-1,literal,83-48-7,en,literal,stigmasterol,literal,10.1248/CPB.36.1180,literal,CHEMBL400247
195,uri,http://www.wikidata.org/entity/Q15354793,uri,http://www.wikidata.org/entity/Q393339,literal,Scurrula atropurpurea,literal,WMBWREPUVVBILR-WIYYLYMNSA-N,literal,C1C(C(OC2=CC(=CC(=C21)O)O)C3=CC(=C(C(=C3)O)O)O)OC(=O)C4=CC(=C(C(=C4)O)O)O,literal,551495-1,literal,989-51-5,en,literal,epigallocatechin gallate,literal,10.1248/CPB.51.343,literal,CHEMBL297453
196,uri,http://www.wikidata.org/entity/Q15354793,uri,http://www.wikidata.org/entity/Q5382492,literal,Scurrula atropurpurea,literal,LSHVYAFMTMFKBA-TZIWHRDSSA-N,literal,C1C(C(OC2=CC(=CC(=C21)O)O)C3=CC(=C(C=C3)O)O)OC(=O)C4=CC(=C(C(=C4)O)O)O,literal,551495-1,literal,1257-08-5,en,literal,Epicatechin gallate,literal,10.1248/CPB.51.343,literal,CHEMBL36327
197,uri,http://www.wikidata.org/entity/Q14623244,uri,http://www.wikidata.org/entity/Q7856945,literal,Scurrula parasitica,literal,CCAZWUJBLXKBAY-ULZPOIKGSA-N,literal,CC(=C)C1C2C(C3(C4(CO4)C5C(C3(C1C(=O)O2)O)O5)C)O,literal,551550-1,literal,2571-22-4,en,literal,tutin,literal,10.1248/CPB.35.182,literal,CHEMBL297057
198,uri,http://www.wikidata.org/entity/Q5256810,uri,http://www.wikidata.org/entity/Q27104976,literal,Dendrophthoe falcata,literal,ODSSDTBFHAYYMD-YOJQYFTNSA-N,literal,CC(=C)C1CCC2(C1C3CCC4C5(CCC(C(C5CCC4(C3(CC2)C)C)(C)C)OC(=O)C)C)C,literal,548263-1,literal,1617-68-1,en,literal,lupeol acetate,literal,10.1248/CPB.54.740,literal,CHEMBL453802
199,uri,http://www.wikidata.org/entity/Q65936252,uri,http://www.wikidata.org/entity/Q27104976,literal,Dendrophthoe longiflora,literal,ODSSDTBFHAYYMD-YOJQYFTNSA-N,literal,CC(=C)C1CCC2(C1C3CCC4C5(CCC(C(C5CCC4(C3(CC2)C)C)(C)C)OC(=O)C)C)C,literal,548312-1,literal,1617-68-1,en,literal,lupeol acetate,literal,10.1248/CPB.54.740,literal,CHEMBL453802
200,uri,http://www.wikidata.org/entity/Q15354793,uri,http://www.wikidata.org/entity/Q415007,literal,Scurrula atropurpurea,literal,PFTAWBLQPZVEMU-DZGCQCFKSA-N,literal,C1C(C(OC2=CC(=CC(=C21)O)O)C3=CC(=C(C=C3)O)O)O,literal,551495-1,literal,154-23-4,en,literal,(+)-catechin,literal,10.1248/CPB.51.343,literal,CHEMBL311498
201,uri,http://www.wikidata.org/entity/Q18074496,uri,http://www.wikidata.org/entity/Q3334749,literal,Hyphear tanakae,literal,SOSLMHZOJATCCP-AEIZVZFYSA-N,literal,CC1C(C(C(C(O1)OC2=C(OC3=CC(=CC(=C3C2=O)O)O)C4=CC=C(C=C4)O)O)O)O,literal,548829-1,literal,482-39-3,en,literal,afzelin,literal,10.1248/CPB.36.1180,literal,CHEMBL240528
202,uri,http://www.wikidata.org/entity/Q164391,uri,http://www.wikidata.org/entity/Q82956907,literal,Loranthus europaeus,literal,SMGALHQWCQAJSC-HOHGHBTGSA-N,literal,O=C1C(OC2OC(C)C(O)C(O)C2O)=C(OC3=CC(OC)=CC(O)=C13)C=4C=CC(O)=CC4,literal,549404-1,literal,57525-01-6,en,literal,"4H-1-Benzopyran-4-one, 3-((6-deoxy-alpha-L-mannopyranosyl)oxy)-5-hydroxy-2-(4-hydroxyphenyl)-7-methoxy-",literal,10.1021/NP50036A034,,
203,uri,http://www.wikidata.org/entity/Q10903128,uri,http://www.wikidata.org/entity/Q425004,literal,Loranthus tanakae,literal,HCXVJBMSMIARIN-PHZDYDNGSA-N,literal,CCC(C=CC(C)C1CCC2C1(CCC3C2CC=C4C3(CCC(C4)O)C)C)C(C)C,literal,550266-1,literal,83-48-7,en,literal,stigmasterol,literal,10.1248/CPB.36.1180,literal,CHEMBL400247
204,uri,http://www.wikidata.org/entity/Q18074496,uri,http://www.wikidata.org/entity/Q4463035,literal,Hyphear tanakae,literal,XEZVDURJDFGERA-UHFFFAOYSA-N,literal,CCCCCCCCCCCCCCCCCCCCCCC(=O)O,literal,548829-1,literal,2433-96-7,en,literal,tricosanoic acid,literal,10.1248/CPB.36.1180,literal,CHEMBL1173462
205,uri,http://www.wikidata.org/entity/Q104865676,uri,http://www.wikidata.org/entity/Q27089371,literal,Scurrula fusca,literal,OXQKEKGBFMQTML-BIVRFLNRSA-N,literal,C(C(C(C(C(C(CO)O)O)O)O)O)O,literal,551520-1,literal,527-06-0,en,literal,perseitol,literal,10.1248/CPB.50.489,,
206,uri,http://www.wikidata.org/entity/Q104865676,uri,http://www.wikidata.org/entity/Q27089371,literal,Scurrula fusca,literal,OXQKEKGBFMQTML-BIVRFLNRSA-N,literal,C(C(C(C(C(C(CO)O)O)O)O)O)O,literal,551520-1,literal,527-06-0,en,literal,perseitol,literal,10.1016/S0040-4039(01)01403-4,,
207,uri,http://www.wikidata.org/entity/Q10903128,uri,http://www.wikidata.org/entity/Q3334749,literal,Loranthus tanakae,literal,SOSLMHZOJATCCP-AEIZVZFYSA-N,literal,CC1C(C(C(C(O1)OC2=C(OC3=CC(=CC(=C3C2=O)O)O)C4=CC=C(C=C4)O)O)O)O,literal,550266-1,literal,482-39-3,en,literal,afzelin,literal,10.1248/CPB.36.1180,literal,CHEMBL240528
208,uri,http://www.wikidata.org/entity/Q18075063,uri,http://www.wikidata.org/entity/Q82938743,literal,Ileostylus micranthus,literal,ANQOYNYNTQZJPI-INRPBURKSA-N,literal,O=C1OC(C=C)C2=CC3OC(=O)C4(C)C(O)C5OC5C(C)(C2C1)C34,literal,548834-1,literal,37070-59-0,en,literal,CID 3084650,literal,10.1021/NP50077A015,,
209,uri,http://www.wikidata.org/entity/Q15354793,uri,http://www.wikidata.org/entity/Q207688,literal,Scurrula atropurpurea,literal,ZQPPMHVWECSIRJ-KTKRTIGZSA-N,literal,CCCCCCCCC=CCCCCCCCC(=O)O,literal,551495-1,literal,112-80-1,en,literal,oleic acid,literal,10.1248/CPB.51.343,literal,CHEMBL8659
210,uri,http://www.wikidata.org/entity/Q15354793,uri,http://www.wikidata.org/entity/Q27163939,literal,Scurrula atropurpurea,literal,OYHQOLUKZRVURQ-UHFFFAOYSA-N,literal,CCCCCC=CCC=CCCCCCCCC(=O)O,literal,551495-1,literal,2197-37-7,en,literal,"octadeca-9,12-dienoic acid",literal,10.1248/CPB.51.343,,
211,uri,http://www.wikidata.org/entity/Q10958342,uri,http://www.wikidata.org/entity/Q415007,literal,Taxillus kaempferi,literal,PFTAWBLQPZVEMU-DZGCQCFKSA-N,literal,C1C(C(OC2=CC(=CC(=C21)O)O)C3=CC(=C(C=C3)O)O)O,literal,552147-1,literal,154-23-4,en,literal,(+)-catechin,literal,10.1248/YAKUSHI1947.116.2_148,literal,CHEMBL311498
212,uri,http://www.wikidata.org/entity/Q135391,uri,http://www.wikidata.org/entity/Q416260,literal,Nuytsia floribunda,literal,WCGUUGGRBIKTOS-GPOJBZKASA-N,literal,CC1CCC2(CCC3(C(=CCC4C3(CCC5C4(CCC(C5(C)C)O)C)C)C2C1C)C)C(=O)O,literal,550616-1,literal,77-52-1,en,literal,ursolic acid,literal,10.1039/JR9520004065,literal,CHEMBL169
213,uri,http://www.wikidata.org/entity/Q10903128,uri,http://www.wikidata.org/entity/Q4463035,literal,Loranthus tanakae,literal,XEZVDURJDFGERA-UHFFFAOYSA-N,literal,CCCCCCCCCCCCCCCCCCCCCCC(=O)O,literal,550266-1,literal,2433-96-7,en,literal,tricosanoic acid,literal,10.1248/CPB.36.1180,literal,CHEMBL1173462
214,uri,http://www.wikidata.org/entity/Q18074496,uri,http://www.wikidata.org/entity/Q422590,literal,Hyphear tanakae,literal,UKMSUNONTOPOIO-UHFFFAOYSA-N,literal,CCCCCCCCCCCCCCCCCCCCCC(=O)O,literal,548829-1,literal,112-85-6,en,literal,behenic acid,literal,10.1248/CPB.36.1180,literal,CHEMBL1173474
